Name,Number,Date,Nikil Saval,Christine M. Tartaglione,Sharif Street,Art Haywood,Jimmy Dillon,Frank A. Farry,Vincent J. Hughes,Anthony H. Williams,John I. Kane,Steven J. Santarsiero,Judith L. Schwank,Maria Collett,Scott Martin,Nick Miller,John DiSanto,Jarrett Coleman,Amanda M. Cappelletti,Lisa M. Boscola,Carolyn T. Comitta,Lisa Baker,Scott E. Hutchinson,Marty Flynn,Gene Yaw,Tracy Pennycuick,Cris Dush,Timothy P. Kearney,Lynda Schlegel Culver,Kristin Phillips-Hill,David G. Argall,Judy Ward,Mike Regan,Patrick J. Stefano,Doug Mastriano,Greg Rothman,Wayne Langerholc,Ryan P. Aument,Devlin J. Robinson,Lindsey M. Williams,Kim L. Ward,Rosemary M. Brown,Joe Pittman,Wayne D. Fontana,Jay Costa,Katie J. Muth,James R. Brewster,Camera Bartolotta,Elder A. Vogel,Chris Gebhard,Daniel Laughlin,Michele Brooks
District,,,1,2,3,4,5,6,7,8,9,10,11,12,13,14,15,16,17,18,19,20,21,22,23,24,25,26,27,28,29,30,31,32,33,34,35,36,37,38,39,40,41,42,43,44,45,46,47,48,49,50
Party,,,Democrat,Democrat,Democrat,Democrat,Democrat,Republican,Democrat,Democrat,Democrat,Democrat,Democrat,Democrat,Republican,Democrat,Republican,Republican,Democrat,Democrat,Democrat,Republican,Republican,Democrat,Republican,Republican,Republican,Democrat,Republican,Republican,Republican,Republican,Republican,Republican,Republican,Republican,Republican,Republican,Republican,Democrat,Republican,Republican,Republican,Democrat,Democrat,Democrat,Democrat,Republican,Republican,Republican,Republican,Republican
QUORUM Yeas=Present,1,2023-01-03 13:36:00,Y,Y,Y,Y,Y,Y,Y,Y,Y,Y,X,Y,Y,Y,Y,Y,Y,Y,Y,Y,Y,Y,Y,Y,Y,Y,,Y,Y,Y,Y,Y,Y,Y,Y,Y,Y,Y,Y,Y,Y,Y,Y,Y,Y,Y,Y,Y,Y,Y
"SR 1, Ethical Conduct Rules of the Senate",2,2023-01-03 13:58:00,Y,Y,Y,Y,Y,Y,Y,Y,Y,Y,Y,Y,Y,Y,Y,Y,Y,Y,Y,Y,Y,Y,Y,Y,Y,Y,,Y,Y,Y,Y,Y,Y,Y,Y,Y,Y,N,Y,Y,Y,Y,Y,N,Y,Y,Y,Y,Y,Y
"SR 2, Financial Operating Rules of the Senate",3,2023-01-03 14:01:00,Y,Y,Y,Y,Y,Y,Y,Y,Y,Y,Y,Y,Y,Y,Y,Y,Y,Y,Y,Y,Y,Y,Y,Y,Y,Y,,Y,Y,Y,Y,Y,Y,Y,Y,Y,Y,N,Y,Y,Y,Y,Y,N,Y,Y,Y,Y,Y,Y
"SR 3, Rules of the Senate for the 207th and 208th Regular Session",4,2023-01-03 14:28:00,Y,Y,Y,Y,Y,Y,Y,Y,Y,Y,Y,Y,Y,Y,Y,Y,Y,Y,Y,Y,Y,Y,Y,Y,Y,Y,,Y,Y,Y,Y,Y,Y,Y,Y,Y,Y,N,Y,Y,Y,Y,Y,N,Y,Y,Y,Y,Y,Y
"SR 5, Refer to the Committee on Rules",5,2023-01-03 14:41:00,N,N,N,N,N,Y,N,N,N,N,X,N,Y,N,Y,Y,N,N,N,Y,Y,N,Y,Y,Y,N,,Y,Y,Y,Y,Y,Y,Y,Y,Y,Y,N,Y,Y,Y,N,N,N,N,Y,Y,Y,Y,Y
"SR 6, Refer to the Committee on Rules",6,2023-01-03 14:45:00,N,N,N,N,N,Y,N,N,N,N,X,N,Y,N,Y,Y,N,N,N,Y,Y,N,Y,Y,Y,N,,Y,Y,Y,Y,Y,Y,Y,Y,Y,Y,N,Y,Y,Y,N,N,N,N,Y,Y,Y,Y,Y
"SR 7, Refer to the Committee on Rules",7,2023-01-03 14:46:00,N,N,N,N,N,Y,N,N,N,N,X,N,Y,N,Y,Y,N,N,N,Y,Y,N,Y,Y,Y,N,,Y,Y,Y,Y,Y,Y,Y,Y,Y,Y,N,Y,Y,Y,N,N,N,N,Y,Y,Y,Y,Y
Condolence Resolution,8,2023-01-09 13:16:00,Y,Y,Y,Y,Y,Y,Y,Y,Y,Y,Y,Y,Y,Y,Y,Y,Y,Y,Y,Y,Y,Y,Y,Y,Y,Y,,Y,Y,Y,Y,Y,Y,Y,Y,Y,Y,Y,Y,Y,Y,Y,Y,Y,Y,Y,Y,Y,Y,Y
"SB 96 PN 9, Bill on second consideration",9,2023-01-10 10:51:00,Y,Y,Y,Y,Y,Y,Y,Y,Y,Y,Y,Y,Y,Y,Y,Y,Y,Y,Y,Y,Y,Y,Y,Y,Y,Y,,Y,Y,Y,Y,Y,Y,Y,Y,Y,Y,Y,Y,Y,Y,Y,Y,Y,Y,Y,Y,Y,Y,Y
"SB 84 PN 10, Bill on Second Consideration",10,2023-01-11 10:16:00,Y,Y,Y,Y,Y,Y,Y,Y,Y,Y,Y,Y,Y,Y,Y,Y,Y,Y,Y,Y,Y,Y,Y,Y,Y,X,,Y,Y,Y,Y,Y,Y,Y,Y,Y,Y,Y,Y,Y,Y,Y,Y,Y,Y,Y,Y,Y,Y,Y
"SB 96 PN 9, Final Passage",11,2023-01-11 10:18:00,Y,Y,Y,Y,Y,Y,Y,Y,Y,Y,Y,Y,Y,Y,Y,Y,Y,Y,Y,Y,Y,Y,Y,Y,Y,X,,Y,Y,Y,Y,Y,Y,Y,Y,Y,Y,Y,Y,Y,Y,Y,Y,Y,Y,Y,Y,Y,Y,Y
"SB 122 PN 12, Final Passage",12,2023-01-11 10:20:00,Y,Y,Y,Y,Y,Y,Y,Y,Y,Y,Y,Y,Y,Y,Y,Y,Y,Y,Y,Y,Y,Y,Y,Y,Y,X,,Y,Y,Y,Y,Y,Y,Y,Y,Y,Y,Y,Y,Y,Y,Y,Y,Y,Y,Y,Y,Y,Y,Y
"SR 16 PN 27, Motion Notwithstanding Rule 25",13,2023-01-11 11:25:00,N,N,N,N,Y,Y,N,N,N,N,N,N,Y,N,Y,Y,N,N,N,Y,Y,N,Y,Y,Y,X,,Y,Y,Y,Y,Y,Y,Y,Y,Y,Y,N,Y,Y,Y,N,N,N,N,Y,Y,Y,Y,Y
SR 16 PN 27,14,2023-01-11 11:26:00,N,N,N,N,Y,Y,N,N,N,N,N,N,Y,N,Y,Y,N,N,N,Y,Y,N,Y,Y,Y,X,,Y,Y,Y,Y,Y,Y,Y,Y,Y,Y,N,Y,Y,Y,N,N,N,N,Y,Y,Y,Y,Y
"SB 1 PN 26, Motion to Appeal Ruling of the Chair",15,2023-01-11 12:04:00,Y,Y,Y,Y,Y,N,Y,Y,Y,Y,Y,Y,N,Y,N,N,Y,Y,Y,N,N,Y,N,N,N,X,,N,N,N,N,N,N,N,N,N,N,Y,N,N,N,Y,Y,Y,Y,N,N,N,N,N
"SB 1 PN 26, 2023 A16, Motion to Table BOSCOLA Amendment No. A-0016",16,2023-01-11 12:09:00,N,N,N,N,N,Y,N,N,N,N,N,N,Y,N,Y,Y,N,N,N,Y,Y,N,Y,Y,Y,X,,Y,Y,Y,Y,Y,Y,Y,Y,Y,Y,N,Y,Y,Y,N,N,N,N,Y,Y,Y,Y,Y
"SB 1 PN 26, 2023 A17, Motion to Table BOSCOLA Amendment No. A-17",17,2023-01-11 12:13:00,N,N,N,N,N,Y,N,N,N,N,N,N,Y,N,Y,Y,N,N,N,Y,Y,N,Y,Y,Y,X,,Y,Y,Y,Y,Y,Y,Y,Y,Y,Y,N,Y,Y,Y,N,N,N,N,Y,Y,Y,Y,Y
"SB 1 PN 26, 2023 A18, Motion to Table BOSCOLA Amendment No. A-0018",18,2023-01-11 12:16:00,N,N,N,N,N,Y,N,N,N,N,N,N,Y,N,Y,Y,N,N,N,Y,Y,N,Y,Y,Y,X,,Y,Y,Y,Y,Y,Y,Y,Y,Y,Y,N,Y,Y,Y,N,N,N,N,Y,Y,Y,Y,Y
"SB 1 PN 26, Motion to Table",19,2023-01-11 14:26:00,Y,Y,Y,Y,Y,N,Y,Y,Y,Y,Y,Y,N,Y,N,N,Y,Y,Y,N,N,Y,N,N,N,X,,N,N,N,N,N,N,N,N,N,N,Y,N,N,N,Y,Y,Y,Y,N,N,N,N,N
"SB 1 PN 26, Final Passage",20,2023-01-11 14:53:00,N,N,N,N,N,Y,N,N,N,N,N,N,Y,N,Y,Y,N,Y,N,Y,Y,N,Y,Y,Y,X,,Y,Y,Y,Y,Y,Y,Y,Y,Y,Y,N,Y,Y,Y,N,N,N,N,Y,Y,Y,Y,Y
"SB 35 PN 13, 2023 A20, Motion to Table HUGHES Amendment No. A-0020",21,2023-01-11 15:05:00,N,N,N,N,N,Y,N,N,N,N,N,N,Y,N,Y,Y,N,N,N,Y,Y,N,Y,Y,Y,X,,Y,Y,Y,Y,Y,Y,Y,Y,Y,Y,N,Y,Y,Y,N,N,N,N,Y,Y,Y,Y,Y
"SB 35 PN 13, Final Passage",22,2023-01-11 15:27:00,N,N,N,N,N,Y,N,N,N,N,N,N,Y,N,Y,Y,N,Y,N,Y,Y,Y,Y,Y,Y,X,,Y,Y,Y,Y,Y,Y,Y,Y,Y,Y,N,Y,Y,Y,N,N,N,N,Y,Y,Y,Y,Y
"SB 95 PN 8, Bill on Second Consideration",23,2023-01-17 10:18:00,Y,Y,Y,Y,Y,Y,Y,Y,Y,Y,Y,Y,Y,Y,Y,Y,Y,Y,Y,Y,Y,Y,Y,Y,Y,Y,,Y,Y,Y,Y,Y,X,Y,Y,Y,Y,Y,Y,Y,Y,Y,Y,Y,Y,Y,Y,Y,Y,Y
"SB 84 PN 10, Bill on Third Consideration",24,2023-01-18 11:16:00,Y,Y,Y,Y,Y,Y,Y,Y,Y,Y,Y,Y,Y,Y,Y,Y,Y,Y,Y,Y,Y,Y,Y,Y,Y,Y,,Y,Y,Y,Y,Y,Y,Y,Y,Y,Y,Y,Y,Y,Y,Y,Y,Y,Y,Y,Y,Y,Y,Y
"SB 84 PN 10, Final Passage",25,2023-01-18 11:21:00,Y,Y,Y,Y,Y,Y,Y,Y,Y,Y,Y,Y,Y,Y,Y,Y,Y,Y,Y,Y,Y,Y,Y,Y,Y,Y,,Y,Y,Y,Y,Y,Y,Y,Y,Y,Y,Y,Y,Y,Y,Y,Y,Y,Y,Y,Y,Y,Y,Y
"SB 95 PN 8, Final Passage",26,2023-01-18 11:35:00,Y,Y,Y,Y,Y,Y,Y,Y,Y,Y,Y,Y,Y,Y,Y,Y,Y,Y,Y,Y,Y,Y,Y,Y,Y,Y,,Y,Y,Y,Y,Y,Y,Y,Y,Y,Y,Y,Y,Y,Y,Y,Y,Y,Y,Y,Y,Y,Y,Y
"SB 114 PN 18, Final Passage",27,2023-01-18 11:36:00,Y,Y,Y,Y,Y,Y,Y,Y,Y,Y,Y,Y,Y,Y,Y,Y,Y,Y,Y,Y,Y,Y,Y,Y,Y,Y,,Y,Y,Y,Y,Y,Y,Y,Y,Y,Y,Y,Y,Y,Y,Y,Y,Y,Y,Y,Y,Y,Y,Y
"SB 141 PN 17, Final Passage",28,2023-01-18 11:39:00,Y,Y,Y,Y,Y,Y,Y,Y,Y,Y,Y,Y,Y,Y,Y,Y,Y,Y,Y,Y,Y,Y,Y,Y,Y,Y,,Y,Y,Y,Y,Y,Y,Y,Y,Y,Y,Y,Y,Y,Y,Y,Y,Y,Y,Y,Y,Y,Y,Y
"Approval of the Previous Days Journal January 3, 2023",29,2023-02-27 13:35:00,Y,Y,Y,X,Y,Y,Y,Y,Y,Y,Y,Y,Y,Y,Y,Y,Y,Y,Y,Y,Y,Y,Y,Y,Y,Y,,Y,Y,X,Y,Y,Y,Y,Y,Y,Y,Y,Y,Y,Y,Y,Y,Y,Y,Y,Y,Y,Y,Y
Weekly Recess,30,2023-02-28 13:20:00,Y,Y,Y,Y,Y,Y,Y,Y,Y,Y,Y,Y,Y,Y,Y,Y,Y,Y,Y,Y,Y,Y,Y,Y,Y,Y,,Y,Y,X,Y,Y,Y,Y,Y,Y,Y,Y,Y,Y,Y,Y,Y,Y,Y,Y,Y,Y,Y,Y
SR 9 PN 19,31,2023-02-28 16:18:00,N,Y,N,N,N,Y,N,N,N,N,N,N,Y,N,Y,Y,N,N,N,Y,Y,Y,Y,Y,Y,N,Y,Y,Y,X,Y,Y,Y,Y,Y,Y,Y,N,Y,Y,Y,Y,N,N,Y,Y,Y,Y,Y,Y
"SB 115 PN 41, Final Passage",32,2023-02-28 16:22:00,Y,Y,Y,Y,Y,Y,Y,Y,Y,Y,Y,Y,Y,Y,Y,Y,Y,Y,Y,Y,Y,Y,Y,Y,Y,Y,Y,Y,Y,X,Y,Y,Y,Y,Y,Y,Y,Y,Y,Y,Y,Y,Y,Y,Y,Y,Y,Y,Y,Y
"SB 121 PN 11, Final Passage",33,2023-02-28 16:30:00,N,N,N,N,N,Y,N,N,N,N,N,N,Y,N,Y,Y,N,Y,N,Y,Y,N,Y,Y,Y,N,Y,Y,Y,X,Y,Y,Y,Y,Y,Y,Y,N,Y,Y,Y,N,N,N,N,Y,Y,Y,Y,Y
"Approval of the Previous Days Journal January 6, 2023",34,2023-03-01 11:49:00,Y,Y,Y,Y,Y,Y,Y,Y,Y,Y,Y,Y,Y,Y,Y,Y,Y,Y,Y,Y,Y,Y,Y,Y,Y,Y,Y,Y,Y,X,Y,Y,Y,Y,Y,Y,Y,Y,Y,Y,Y,Y,Y,Y,Y,Y,Y,Y,Y,Y
"SB 254 PN 217, Final Passage",35,2023-03-01 12:46:00,N,N,N,N,N,Y,N,N,N,N,N,N,Y,N,Y,Y,N,Y,N,Y,Y,Y,Y,Y,Y,N,Y,Y,Y,X,Y,Y,Y,Y,Y,Y,Y,N,Y,Y,Y,N,N,N,N,Y,Y,Y,Y,Y
"Approval of the Previous Days Journal January 9, 10, 11, 2023",36,2023-03-06 13:16:00,Y,Y,Y,Y,Y,Y,Y,Y,Y,Y,Y,Y,Y,Y,Y,Y,Y,Y,Y,Y,Y,Y,Y,Y,Y,Y,Y,Y,Y,Y,Y,Y,Y,Y,Y,Y,Y,Y,Y,Y,Y,Y,Y,Y,Y,Y,Y,Y,Y,Y
"SB 8 PN 290, Final Passage",37,2023-03-06 16:15:00,Y,Y,Y,Y,Y,Y,Y,Y,Y,Y,Y,Y,Y,Y,Y,Y,Y,Y,Y,Y,Y,Y,Y,Y,Y,Y,Y,Y,Y,Y,Y,Y,Y,Y,Y,Y,Y,Y,Y,Y,Y,Y,Y,Y,Y,Y,Y,Y,Y,Y
"SB 144 PN 119, 2023 A160, YAW Amendment No. A-160",38,2023-03-06 16:31:00,Y,Y,Y,Y,Y,Y,Y,Y,Y,Y,Y,Y,Y,Y,Y,Y,Y,Y,Y,Y,Y,Y,Y,Y,Y,Y,Y,Y,Y,Y,Y,Y,Y,Y,Y,Y,Y,Y,Y,Y,Y,Y,Y,Y,Y,Y,Y,Y,Y,Y
SR 48 PN 368,39,2023-03-06 16:40:00,Y,Y,Y,Y,Y,Y,Y,Y,Y,Y,Y,Y,Y,Y,Y,Y,Y,Y,Y,Y,Y,Y,Y,Y,Y,Y,Y,Y,Y,Y,Y,Y,Y,Y,Y,Y,Y,Y,Y,Y,Y,Y,Y,Y,Y,Y,Y,Y,Y,Y
Weekly Recess,40,2023-03-07 11:12:00,Y,Y,Y,Y,Y,Y,Y,Y,Y,Y,Y,Y,Y,Y,Y,Y,Y,Y,Y,Y,Y,Y,Y,Y,Y,Y,Y,Y,Y,Y,Y,Y,Y,Y,Y,Y,Y,Y,Y,Y,Y,Y,Y,Y,Y,Y,Y,Y,Y,Y
"SB 144 PN 390, Final Passage",41,2023-03-07 15:47:00,N,N,N,Y,Y,Y,N,N,N,N,N,Y,Y,Y,Y,Y,N,Y,N,Y,Y,Y,Y,Y,Y,N,Y,Y,Y,Y,Y,Y,Y,Y,Y,Y,Y,N,Y,Y,Y,Y,N,N,Y,Y,Y,Y,Y,Y
"SB 154 PN 126, Final Passage",42,2023-03-07 15:50:00,Y,Y,Y,Y,Y,Y,Y,Y,Y,Y,Y,Y,Y,Y,Y,Y,Y,Y,Y,Y,Y,Y,Y,Y,Y,Y,Y,Y,Y,Y,Y,Y,Y,Y,Y,Y,Y,Y,Y,Y,Y,Y,Y,Y,Y,Y,Y,Y,Y,Y
"SB 298 PN 382, Final Passage",43,2023-03-07 15:53:00,Y,Y,Y,Y,Y,Y,Y,Y,Y,Y,Y,Y,Y,Y,Y,Y,Y,Y,Y,Y,Y,Y,Y,Y,Y,Y,Y,Y,Y,Y,Y,Y,Y,Y,Y,Y,Y,Y,Y,Y,Y,Y,Y,Y,Y,Y,Y,Y,Y,Y
"SB 443 PN 377, Final Passage",44,2023-03-07 15:55:00,Y,Y,Y,Y,Y,Y,Y,Y,Y,Y,Y,Y,Y,Y,Y,Y,Y,Y,Y,Y,Y,Y,Y,Y,Y,Y,Y,Y,Y,Y,Y,Y,Y,Y,Y,Y,Y,Y,Y,Y,Y,Y,Y,Y,Y,Y,Y,Y,Y,Y
"Approval of the Previous Days Journal January 13, 17, 18, 2023",45,2023-03-08 11:20:00,Y,Y,Y,Y,Y,Y,Y,Y,Y,Y,Y,Y,Y,Y,Y,Y,Y,Y,Y,Y,Y,Y,Y,Y,Y,Y,Y,Y,Y,Y,Y,Y,Y,Y,Y,Y,Y,Y,Y,Y,Y,Y,Y,Y,Y,Y,Y,Y,Y,X
"SB 143 PN 388, Final Passage",46,2023-03-08 12:21:00,N,Y,Y,N,Y,Y,Y,Y,Y,N,Y,N,Y,Y,Y,Y,N,Y,N,Y,Y,Y,Y,Y,Y,N,Y,Y,Y,Y,Y,Y,Y,Y,Y,Y,Y,N,Y,Y,Y,Y,Y,N,Y,Y,Y,Y,Y,X
"SB 379 PN 272, Final Passage",47,2023-03-08 12:26:00,Y,Y,Y,Y,Y,Y,Y,Y,Y,Y,Y,Y,Y,Y,Y,Y,Y,Y,Y,Y,Y,Y,Y,Y,Y,Y,Y,Y,Y,Y,Y,Y,Y,Y,Y,Y,Y,Y,Y,Y,Y,Y,Y,Y,Y,Y,Y,Y,Y,X
"SB 126 PN 16, Final Passage",48,2023-03-08 12:34:00,Y,Y,Y,Y,Y,Y,Y,Y,Y,Y,Y,Y,Y,Y,Y,Y,Y,Y,Y,Y,Y,Y,Y,Y,Y,Y,Y,Y,Y,Y,Y,Y,Y,Y,Y,Y,Y,Y,Y,Y,Y,Y,Y,Y,Y,Y,Y,Y,Y,X
"SB 162 PN 43, Final Passage",49,2023-03-08 12:36:00,Y,Y,Y,Y,Y,Y,Y,Y,Y,Y,Y,Y,Y,Y,Y,Y,Y,Y,Y,Y,Y,Y,Y,Y,Y,Y,Y,Y,Y,Y,Y,Y,Y,Y,Y,Y,Y,Y,Y,Y,Y,Y,Y,Y,Y,Y,Y,Y,Y,X
"SB 211 PN 180, Final Passage",50,2023-03-08 12:43:00,N,Y,N,Y,Y,Y,N,N,Y,N,N,N,Y,N,Y,Y,N,Y,Y,Y,Y,Y,Y,Y,Y,N,Y,Y,Y,Y,Y,Y,Y,Y,Y,Y,Y,N,Y,Y,Y,Y,Y,N,Y,Y,Y,Y,N,X
Executive Nominations  State Police Commissioner Christopher L. Paris,51,2023-03-08 12:46:00,Y,Y,Y,Y,Y,Y,Y,Y,Y,Y,Y,Y,Y,Y,Y,Y,Y,Y,Y,Y,Y,Y,Y,Y,Y,Y,Y,Y,Y,Y,Y,Y,Y,Y,Y,Y,Y,Y,Y,Y,Y,Y,Y,Y,Y,Y,Y,Y,Y,X
Executive Nominations  Attorney General Michelle A. Henry,52,2023-03-08 12:47:00,Y,Y,Y,Y,Y,Y,Y,Y,Y,Y,Y,Y,Y,Y,Y,Y,Y,Y,Y,Y,Y,Y,Y,Y,Y,Y,Y,Y,Y,Y,Y,Y,Y,Y,Y,Y,Y,Y,Y,Y,Y,Y,Y,Y,Y,Y,Y,Y,Y,X
Weekly Recess,53,2023-04-24 13:31:00,Y,Y,Y,Y,Y,Y,Y,Y,Y,Y,Y,Y,Y,Y,X,Y,Y,Y,Y,Y,Y,Y,Y,Y,Y,Y,Y,Y,Y,Y,Y,Y,Y,Y,Y,Y,Y,Y,Y,Y,Y,Y,Y,Y,Y,Y,Y,Y,Y,Y
"SB 267 PN 232, Final Passage",54,2023-04-24 16:34:00,Y,Y,Y,Y,Y,Y,Y,Y,Y,Y,Y,Y,Y,Y,Y,Y,Y,Y,Y,Y,Y,Y,Y,Y,Y,Y,Y,Y,Y,Y,Y,Y,Y,Y,Y,Y,Y,Y,Y,Y,Y,Y,Y,Y,Y,Y,Y,Y,Y,Y
"Approval of the Previous Days Journal February 27, 2023",55,2023-04-25 13:21:00,Y,Y,Y,Y,Y,Y,Y,Y,Y,Y,Y,Y,Y,Y,Y,Y,Y,Y,Y,Y,Y,Y,Y,Y,Y,Y,Y,Y,Y,Y,Y,Y,Y,Y,Y,Y,Y,Y,Y,Y,Y,Y,Y,Y,Y,Y,Y,Y,Y,Y
"SB 226 PN 195, Final Passage",56,2023-04-25 15:24:00,Y,Y,Y,Y,Y,Y,Y,Y,Y,Y,Y,Y,Y,Y,Y,Y,Y,Y,Y,Y,Y,Y,Y,Y,Y,Y,Y,Y,Y,Y,Y,Y,Y,Y,Y,Y,Y,Y,Y,Y,Y,Y,Y,Y,Y,Y,Y,Y,Y,Y
"SB 232 PN 146, 2023 A326, BROOKS Amendment No. A-0326",57,2023-04-25 15:26:00,Y,Y,Y,Y,Y,Y,Y,Y,Y,Y,Y,Y,Y,Y,Y,Y,Y,Y,Y,Y,Y,Y,Y,Y,Y,Y,Y,Y,Y,Y,Y,Y,Y,Y,Y,Y,Y,Y,Y,N,Y,Y,Y,Y,Y,Y,Y,Y,Y,Y
"SB 433 PN 374, Final Passage",58,2023-04-25 15:37:00,N,N,N,N,N,Y,N,N,N,N,N,N,Y,N,Y,Y,N,Y,N,Y,Y,N,Y,Y,Y,N,Y,Y,Y,Y,Y,Y,Y,Y,Y,Y,Y,Y,Y,Y,Y,N,N,Y,N,Y,Y,Y,Y,Y
"SB 466 PN 384, Final Passage",59,2023-04-25 15:39:00,Y,Y,Y,Y,Y,Y,Y,Y,Y,Y,Y,Y,Y,Y,Y,Y,Y,Y,Y,Y,Y,Y,Y,Y,Y,Y,Y,Y,Y,Y,Y,Y,Y,Y,Y,Y,Y,Y,Y,Y,Y,Y,Y,Y,Y,Y,Y,Y,Y,Y
"Approval of the Previous Days Journal February 28, 2023",60,2023-04-26 11:14:00,Y,Y,Y,Y,Y,Y,Y,Y,Y,Y,Y,Y,Y,Y,Y,Y,Y,Y,Y,Y,Y,Y,Y,Y,Y,Y,Y,Y,Y,Y,Y,Y,Y,Y,Y,Y,Y,Y,Y,Y,Y,Y,Y,Y,Y,Y,Y,Y,Y,Y
"SB 137 PN 397, Final Passage",61,2023-04-26 11:40:00,Y,Y,Y,Y,Y,Y,Y,Y,Y,Y,Y,Y,Y,Y,Y,Y,Y,Y,Y,Y,Y,Y,Y,Y,Y,Y,Y,Y,Y,Y,Y,Y,Y,Y,Y,Y,Y,Y,Y,Y,Y,Y,Y,Y,Y,Y,Y,Y,Y,Y
"SB 232 PN 637, Final Passage",62,2023-04-26 11:43:00,Y,Y,Y,Y,Y,Y,Y,Y,Y,Y,Y,Y,Y,Y,N,Y,Y,Y,Y,Y,Y,Y,Y,Y,Y,Y,Y,Y,Y,Y,Y,Y,Y,Y,Y,Y,Y,Y,Y,Y,Y,Y,Y,Y,Y,Y,Y,Y,Y,Y
"SB 402 PN 346, Final Passage",63,2023-04-26 11:49:00,Y,Y,Y,Y,Y,Y,Y,Y,Y,Y,Y,Y,Y,Y,Y,Y,Y,Y,Y,Y,Y,Y,Y,Y,Y,Y,Y,Y,Y,Y,Y,Y,Y,Y,Y,Y,Y,Y,Y,Y,Y,Y,Y,Y,Y,Y,Y,Y,Y,Y
Executive Nominations  Pennsylvania Fish and Boat Commission Donald K. Anderson,64,2023-04-26 11:56:00,Y,Y,Y,Y,Y,Y,Y,Y,Y,Y,Y,Y,Y,Y,Y,Y,Y,Y,Y,Y,Y,Y,Y,Y,Y,Y,Y,Y,Y,Y,Y,Y,Y,Y,Y,Y,Y,Y,Y,Y,Y,Y,Y,Y,Y,Y,Y,Y,Y,Y
Executive Nominations  Adjutant General of Pennsylvania Mark J. Schindler,65,2023-04-26 11:57:00,Y,Y,Y,Y,Y,Y,Y,Y,Y,Y,Y,Y,Y,Y,Y,Y,Y,Y,Y,Y,Y,Y,Y,Y,Y,Y,Y,Y,Y,N,Y,Y,Y,Y,Y,Y,Y,Y,Y,Y,Y,Y,Y,Y,Y,Y,Y,Y,Y,Y
Weekly Recess,66,2023-05-01 14:15:00,Y,Y,Y,Y,Y,Y,Y,Y,Y,Y,Y,Y,Y,Y,Y,Y,Y,Y,Y,Y,Y,Y,Y,Y,Y,Y,Y,Y,Y,Y,Y,Y,Y,Y,Y,Y,Y,Y,Y,Y,Y,Y,Y,Y,Y,Y,Y,Y,Y,Y
"SB 239 PN 205, Final Passage",67,2023-05-01 16:47:00,N,Y,N,N,Y,Y,N,Y,Y,N,N,N,Y,Y,Y,Y,N,Y,N,Y,Y,Y,Y,Y,Y,N,Y,Y,Y,Y,Y,Y,Y,Y,Y,Y,Y,N,Y,Y,Y,N,Y,N,N,Y,Y,Y,Y,Y
"SB 140 PN 654, 2023 A399, LANGERHOLC Amendment No. A-0399",68,2023-05-01 16:51:00,N,N,N,N,Y,Y,N,N,Y,N,N,N,Y,N,Y,Y,N,N,N,Y,Y,N,Y,Y,Y,N,Y,Y,Y,Y,Y,Y,Y,Y,Y,Y,Y,N,Y,Y,Y,N,N,N,N,Y,Y,Y,Y,Y
"SB 244 PN 209, 2023 A383, ARGALL Amendment No. A-0383",69,2023-05-01 17:00:00,N,N,N,N,N,Y,N,N,N,N,N,N,Y,N,Y,Y,N,Y,N,Y,Y,N,Y,Y,Y,N,Y,Y,Y,Y,Y,Y,Y,Y,Y,Y,Y,N,Y,Y,Y,N,N,N,N,Y,Y,Y,Y,Y
"SB 645 PN 618, 2023 A355, HUGHES Amendment No. A-355",70,2023-05-01 17:07:00,Y,Y,Y,Y,Y,Y,Y,Y,Y,Y,Y,Y,Y,Y,N,Y,Y,Y,Y,Y,N,Y,Y,Y,Y,Y,Y,Y,Y,Y,Y,Y,N,Y,Y,Y,Y,Y,Y,Y,Y,Y,Y,Y,Y,Y,Y,Y,Y,Y
"SB 165 PN 634, Final Passage",71,2023-05-01 17:27:00,N,Y,Y,N,Y,Y,N,Y,Y,Y,N,Y,Y,Y,Y,Y,N,Y,N,Y,Y,Y,Y,Y,Y,N,Y,Y,Y,Y,Y,Y,Y,Y,Y,Y,Y,N,Y,Y,Y,Y,Y,N,Y,Y,Y,Y,Y,Y
"Approval of the Previous Days Journal March 1, 2023",72,2023-05-02 13:20:00,Y,Y,Y,Y,Y,Y,Y,Y,Y,Y,Y,Y,Y,Y,Y,Y,Y,Y,Y,Y,Y,Y,Y,Y,Y,Y,Y,Y,Y,Y,Y,Y,Y,Y,Y,Y,Y,Y,Y,Y,Y,Y,Y,Y,Y,Y,Y,Y,Y,Y
SR 45 PN 367,73,2023-05-02 16:33:00,N,N,N,N,N,Y,N,N,N,N,N,N,Y,N,Y,Y,N,Y,N,Y,Y,N,Y,Y,Y,N,Y,Y,Y,Y,Y,Y,Y,Y,Y,Y,Y,N,Y,Y,Y,N,N,N,N,Y,Y,Y,Y,Y
"SB 140 PN 684, 2023 A426, HAYWOOD Amendment No. A-0426",74,2023-05-02 16:44:00,Y,Y,Y,Y,N,N,Y,Y,Y,Y,Y,Y,N,Y,N,N,Y,Y,Y,N,N,Y,N,N,N,Y,N,N,N,N,N,N,N,N,N,N,N,Y,N,N,N,Y,Y,Y,Y,N,N,N,N,N
"SB 140 PN 684, 2023 A-0441, Motion to Table Hughes Amendment A-0441",75,2023-05-02 16:49:00,N,N,N,N,N,Y,N,N,N,N,N,N,Y,N,Y,Y,N,N,N,Y,Y,N,Y,Y,Y,N,Y,Y,Y,Y,Y,Y,Y,Y,Y,Y,Y,N,Y,Y,Y,N,N,N,N,Y,Y,Y,Y,Y
"SB 140 PN 684, Final Passage",76,2023-05-02 17:59:00,N,N,N,N,Y,Y,N,N,N,N,N,N,Y,N,Y,Y,N,N,N,Y,Y,N,Y,Y,Y,N,Y,Y,Y,Y,Y,Y,Y,Y,Y,Y,Y,N,Y,Y,Y,N,N,N,N,Y,Y,Y,Y,Y
"Approval of the Previous Days Journal March 6, 2023",77,2023-05-03 10:45:00,Y,Y,Y,Y,Y,Y,Y,Y,Y,Y,Y,Y,Y,Y,Y,Y,Y,Y,Y,Y,Y,Y,Y,Y,Y,Y,Y,Y,Y,Y,Y,Y,Y,X,Y,Y,Y,Y,Y,Y,Y,Y,Y,Y,Y,Y,Y,Y,Y,Y
"SB 598 PN 636, Final Passage",78,2023-05-03 11:21:00,Y,Y,Y,Y,Y,Y,Y,Y,Y,Y,Y,Y,Y,Y,Y,Y,Y,Y,Y,Y,Y,Y,Y,Y,Y,Y,Y,Y,Y,Y,Y,Y,Y,X,Y,Y,Y,Y,Y,Y,Y,Y,Y,Y,Y,Y,Y,Y,Y,Y
"SB 671 PN 671, 2023 A467, Motion to Table BOSCOLA Amendment No. A-0467",79,2023-05-03 11:26:00,N,N,N,N,N,Y,N,N,N,N,N,N,Y,N,Y,Y,N,N,N,Y,Y,N,Y,Y,Y,N,Y,Y,Y,Y,Y,Y,Y,X,Y,Y,Y,N,Y,Y,Y,N,N,N,N,Y,Y,Y,Y,Y
"SB 671 PN 671, Final Passage",80,2023-05-03 12:23:00,N,N,N,N,N,Y,N,N,N,Y,N,N,Y,N,Y,Y,N,N,N,Y,Y,N,Y,Y,Y,N,Y,Y,Y,Y,Y,Y,Y,X,Y,Y,Y,N,Y,Y,Y,N,N,N,N,Y,Y,Y,Y,Y
"SB 243 PN 208, Final Passage",81,2023-05-03 12:45:00,N,N,N,N,N,Y,N,N,N,N,N,N,Y,N,Y,Y,N,Y,N,Y,Y,N,Y,Y,Y,N,Y,Y,Y,Y,Y,Y,Y,X,Y,Y,Y,N,Y,Y,Y,N,N,N,N,Y,Y,Y,Y,Y
"SB 244 PN 685, Final Passage",82,2023-05-03 13:00:00,N,N,N,N,N,Y,N,N,N,N,N,N,Y,N,Y,Y,N,Y,N,Y,Y,N,Y,Y,Y,N,Y,Y,Y,Y,Y,Y,Y,X,Y,Y,Y,N,Y,Y,Y,N,N,N,N,Y,Y,Y,Y,Y
"SB 245 PN 210, Final Passage",83,2023-05-03 13:08:00,N,N,N,N,N,Y,N,N,N,N,N,N,Y,N,Y,Y,N,Y,N,Y,Y,N,Y,Y,Y,N,Y,Y,Y,Y,Y,Y,Y,X,Y,Y,Y,N,Y,Y,Y,N,N,N,N,Y,Y,Y,Y,Y
EXEC  Executive Nominations (Attached),84,2023-05-03 13:12:00,Y,Y,Y,Y,Y,Y,Y,Y,Y,Y,Y,Y,Y,Y,Y,Y,Y,Y,Y,Y,Y,Y,Y,Y,Y,Y,Y,Y,Y,Y,Y,Y,Y,X,Y,Y,Y,Y,Y,Y,Y,Y,Y,Y,Y,Y,Y,Y,Y,Y
"Approval of the Previous Days Journal March 7, 2023",85,2023-05-08 13:12:00,Y,Y,Y,Y,Y,Y,Y,Y,Y,Y,Y,Y,Y,Y,Y,Y,Y,Y,Y,Y,Y,Y,Y,Y,Y,Y,Y,Y,Y,Y,Y,Y,Y,Y,Y,Y,Y,Y,Y,Y,Y,Y,Y,Y,Y,Y,Y,Y,Y,Y
"SB 447 PN 370, Final Passage",86,2023-05-08 14:34:00,Y,Y,Y,Y,Y,Y,Y,Y,Y,Y,Y,Y,Y,Y,Y,Y,Y,Y,Y,Y,Y,Y,Y,Y,Y,Y,Y,Y,Y,Y,Y,Y,Y,Y,Y,Y,Y,Y,Y,Y,Y,Y,Y,Y,Y,Y,Y,Y,Y,Y
"SB 248 PN 212, Final Passage",87,2023-05-08 14:41:00,Y,Y,Y,Y,Y,Y,Y,Y,Y,Y,Y,Y,Y,Y,Y,Y,Y,Y,Y,Y,Y,Y,Y,Y,Y,Y,Y,Y,Y,Y,Y,Y,Y,Y,Y,Y,Y,Y,Y,Y,Y,Y,Y,Y,Y,Y,Y,Y,Y,Y
"SB 411 PN 360, Final Passage",88,2023-05-08 14:43:00,Y,Y,Y,Y,Y,Y,Y,Y,Y,Y,Y,Y,Y,Y,Y,Y,Y,Y,Y,Y,Y,Y,Y,Y,Y,Y,Y,Y,Y,Y,Y,Y,Y,Y,Y,Y,Y,Y,Y,Y,Y,Y,Y,Y,Y,Y,Y,Y,Y,Y
"SB 361 PN 635, Motion to agree to the bill on second consideration",89,2023-05-09 13:21:00,Y,Y,Y,Y,Y,Y,X,Y,Y,Y,Y,Y,Y,Y,Y,Y,Y,Y,Y,Y,Y,Y,Y,Y,Y,Y,Y,Y,Y,Y,Y,Y,Y,Y,Y,Y,Y,Y,Y,Y,Y,Y,Y,Y,Y,Y,Y,Y,Y,Y
"SB 188 PN 86, Final Passage",90,2023-05-09 15:38:00,N,N,N,N,N,Y,X,N,N,N,N,N,Y,N,Y,Y,N,N,N,Y,Y,N,Y,Y,Y,N,Y,Y,Y,Y,Y,Y,Y,Y,Y,Y,Y,N,Y,Y,Y,N,N,N,N,Y,Y,Y,Y,Y
"SB 190 PN 88, Final Passage",91,2023-05-09 15:42:00,N,N,N,N,N,Y,X,N,N,N,N,N,Y,N,Y,Y,N,N,N,Y,Y,N,Y,Y,Y,N,Y,Y,Y,Y,Y,Y,Y,Y,Y,Y,Y,N,Y,Y,Y,N,N,N,N,Y,Y,Y,Y,Y
"SB 647 PN 729, Final Passage",92,2023-05-09 15:46:00,N,Y,Y,Y,Y,Y,X,Y,Y,Y,N,Y,Y,Y,Y,Y,N,Y,Y,Y,Y,Y,Y,Y,Y,Y,Y,Y,Y,Y,Y,Y,Y,Y,Y,Y,Y,N,Y,Y,Y,Y,Y,N,Y,Y,Y,Y,Y,Y
"SB 598 PN 721, Motion to Reconsider on Final Passage",93,2023-05-09 15:53:00,Y,Y,Y,Y,Y,Y,X,Y,Y,Y,Y,Y,Y,Y,Y,Y,Y,Y,Y,Y,Y,Y,Y,Y,Y,Y,Y,Y,Y,Y,Y,Y,Y,Y,Y,Y,Y,Y,Y,Y,Y,Y,Y,Y,Y,Y,Y,Y,Y,Y
"Approval of the Previous Days Journal March 8, 2023",94,2023-05-10 11:16:00,Y,Y,Y,Y,Y,Y,X,Y,Y,Y,Y,Y,Y,X,Y,Y,Y,Y,Y,Y,Y,Y,Y,Y,Y,Y,Y,Y,Y,Y,Y,Y,Y,Y,Y,Y,Y,Y,Y,Y,Y,Y,Y,Y,Y,Y,Y,Y,Y,Y
"SB 350 PN 718, 2023 A507, Motion to Table MUTH Amendment No. A-0507",95,2023-05-10 11:52:00,N,N,N,N,N,Y,X,N,N,N,N,N,Y,X,Y,Y,N,N,N,Y,Y,N,Y,Y,Y,N,Y,Y,Y,Y,Y,Y,Y,Y,Y,Y,Y,N,Y,Y,Y,N,N,N,N,Y,Y,Y,Y,Y
"SB 350 PN 718, 2023 A508, Motion to Table MUTH Amendment No. A-0508",96,2023-05-10 11:54:00,N,N,N,N,N,Y,X,N,N,N,N,N,Y,X,Y,Y,N,N,N,Y,Y,N,Y,Y,Y,N,Y,Y,Y,Y,Y,Y,Y,Y,Y,Y,Y,N,Y,Y,Y,N,N,N,N,Y,Y,Y,Y,Y
"SB 350 PN 718, 2023 A518, Motion to Table MUTH Amendment No. A-0518",97,2023-05-10 11:57:00,N,N,N,N,N,Y,X,N,N,N,N,N,Y,X,Y,Y,N,N,N,Y,Y,N,Y,Y,Y,N,Y,Y,Y,Y,Y,Y,Y,Y,Y,Y,Y,N,Y,Y,Y,N,N,N,N,Y,Y,Y,Y,Y
"SB 350 PN 718, Final Passage",98,2023-05-10 12:09:00,N,N,N,N,N,Y,X,N,N,N,N,N,Y,X,Y,Y,N,Y,N,Y,Y,N,Y,Y,Y,N,Y,Y,Y,Y,Y,Y,Y,Y,Y,Y,Y,N,Y,Y,Y,N,N,N,N,Y,Y,Y,Y,Y
Executive Nominations (Attached),99,2023-05-10 12:19:00,Y,Y,Y,Y,Y,Y,X,Y,Y,Y,Y,Y,Y,X,Y,Y,Y,Y,Y,Y,Y,Y,Y,Y,Y,Y,Y,Y,Y,Y,Y,Y,Y,Y,Y,Y,Y,Y,Y,Y,Y,Y,Y,Y,Y,Y,Y,Y,Y,Y
Weekly Recess,100,2023-06-05 14:17:00,Y,Y,Y,Y,Y,Y,Y,Y,Y,Y,Y,Y,Y,Y,Y,Y,Y,Y,Y,Y,Y,Y,Y,Y,Y,Y,Y,Y,Y,Y,X,Y,Y,Y,Y,Y,Y,Y,Y,Y,Y,Y,Y,Y,Y,Y,Y,Y,Y,Y
"SB 277 PN 241, Final Passage",101,2023-06-05 16:32:00,Y,Y,Y,Y,Y,Y,Y,Y,Y,Y,Y,Y,Y,Y,Y,Y,Y,Y,Y,Y,Y,Y,Y,Y,Y,Y,Y,Y,Y,Y,X,Y,Y,Y,Y,Y,Y,Y,Y,Y,Y,Y,Y,Y,Y,Y,Y,Y,Y,Y
"SB 453 PN 378, Final Passage",102,2023-06-05 16:34:00,N,Y,Y,Y,Y,Y,Y,Y,Y,Y,Y,Y,Y,Y,Y,Y,Y,Y,Y,Y,Y,Y,Y,Y,Y,Y,Y,Y,Y,Y,X,Y,Y,Y,Y,Y,Y,Y,Y,Y,Y,Y,Y,Y,Y,Y,Y,Y,Y,Y
"SB 630 PN 668, Motion to Agree",103,2023-06-06 13:19:00,Y,Y,Y,Y,Y,Y,Y,Y,Y,Y,Y,Y,Y,Y,Y,Y,Y,Y,Y,Y,Y,Y,Y,Y,Y,Y,Y,Y,Y,Y,Y,Y,Y,Y,Y,Y,Y,Y,Y,Y,Y,Y,Y,Y,Y,Y,Y,Y,Y,Y
"SB 24 PN 403, Final Passage",104,2023-06-06 15:03:00,Y,Y,Y,Y,Y,Y,Y,Y,Y,Y,Y,Y,Y,Y,Y,Y,Y,Y,Y,Y,Y,Y,Y,Y,Y,Y,Y,Y,Y,Y,Y,Y,Y,Y,Y,Y,Y,Y,Y,Y,Y,Y,Y,Y,Y,Y,Y,Y,Y,Y
"SB 152 PN 124, Final Passage",105,2023-06-06 15:05:00,Y,Y,Y,Y,Y,Y,Y,Y,Y,Y,Y,Y,Y,Y,Y,Y,Y,Y,Y,Y,Y,Y,Y,Y,Y,Y,Y,Y,Y,Y,Y,Y,Y,Y,Y,Y,Y,Y,Y,Y,Y,Y,Y,Y,Y,Y,Y,Y,Y,Y
"SB 262 PN 833, Final Passage",106,2023-06-06 15:07:00,Y,Y,Y,Y,Y,Y,Y,Y,Y,Y,Y,Y,Y,Y,Y,Y,Y,Y,Y,Y,Y,Y,Y,Y,Y,Y,Y,Y,Y,Y,Y,Y,Y,Y,Y,Y,Y,Y,Y,Y,Y,Y,Y,Y,Y,Y,Y,Y,Y,Y
"SB 361 PN 635, Final Passage",107,2023-06-06 15:09:00,Y,Y,Y,Y,Y,Y,Y,Y,Y,Y,Y,Y,Y,Y,Y,Y,Y,Y,Y,Y,Y,Y,Y,Y,Y,Y,Y,Y,Y,Y,Y,Y,Y,Y,Y,Y,Y,Y,Y,Y,Y,Y,Y,Y,Y,Y,Y,Y,Y,Y
"SB 691 PN 715, 2023 A638, YAW Amendment No. A-0638",108,2023-06-06 15:15:00,N,N,N,N,N,Y,N,N,N,N,N,N,Y,N,Y,Y,N,N,N,Y,Y,N,Y,Y,Y,N,Y,Y,Y,Y,Y,Y,Y,Y,Y,Y,Y,N,Y,Y,Y,N,N,N,N,Y,Y,Y,Y,Y
"SB 621 PN 738, Motion to Argee",109,2023-06-07 11:18:00,Y,Y,Y,Y,Y,Y,Y,Y,Y,Y,Y,Y,Y,Y,Y,Y,Y,Y,Y,Y,Y,Y,Y,Y,Y,Y,Y,Y,Y,Y,Y,Y,Y,Y,Y,Y,Y,Y,Y,Y,Y,Y,Y,Y,Y,Y,Y,Y,Y,Y
"SB 429 PN 855, Final Passage",110,2023-06-07 11:43:00,N,Y,Y,Y,Y,Y,Y,Y,Y,Y,Y,Y,Y,Y,Y,Y,Y,Y,Y,Y,Y,Y,Y,Y,Y,Y,Y,Y,Y,Y,Y,Y,Y,Y,Y,Y,Y,Y,Y,Y,Y,Y,Y,Y,Y,Y,Y,Y,Y,Y
"SB 691 PN 854, Final Passage",111,2023-06-07 11:52:00,N,N,N,N,N,Y,N,N,N,N,N,N,Y,N,Y,Y,N,N,N,Y,Y,N,Y,Y,Y,N,Y,Y,Y,Y,Y,Y,Y,Y,Y,Y,Y,N,Y,Y,Y,N,N,N,N,Y,Y,Y,Y,Y
"SB 202 PN 83, Final Passage",112,2023-06-07 12:04:00,Y,Y,Y,Y,Y,Y,Y,Y,Y,Y,Y,Y,Y,Y,Y,Y,Y,Y,Y,Y,Y,Y,Y,Y,Y,Y,Y,Y,Y,Y,Y,Y,Y,Y,Y,Y,Y,Y,Y,Y,Y,Y,Y,Y,Y,Y,Y,Y,Y,Y
"HB 739 PN 688, Final Passage",113,2023-06-07 12:05:00,Y,Y,Y,Y,Y,Y,Y,Y,Y,Y,Y,Y,Y,Y,Y,Y,Y,Y,Y,Y,Y,Y,Y,Y,Y,Y,Y,Y,Y,Y,Y,Y,Y,Y,Y,Y,Y,Y,Y,Y,Y,Y,Y,Y,Y,Y,Y,Y,Y,Y
SR 74 PN 579,114,2023-06-07 12:07:00,Y,Y,Y,Y,Y,Y,Y,Y,Y,Y,Y,Y,Y,Y,Y,Y,Y,Y,Y,Y,Y,Y,Y,Y,Y,Y,Y,Y,Y,Y,Y,Y,Y,Y,Y,Y,Y,Y,Y,Y,Y,Y,Y,Y,Y,Y,Y,Y,Y,Y
Executive Nominations (Attached),115,2023-06-07 12:10:00,Y,Y,Y,Y,Y,Y,Y,Y,Y,Y,Y,Y,Y,Y,Y,Y,Y,Y,Y,Y,Y,Y,Y,Y,Y,Y,Y,Y,Y,Y,Y,Y,Y,Y,Y,Y,Y,Y,Y,Y,Y,Y,Y,Y,Y,Y,Y,Y,Y,Y
Executive Nominations  Secretary of Conservation and Natural Resources Cynthia A. Dunn,116,2023-06-07 12:11:00,Y,Y,Y,Y,Y,Y,Y,Y,Y,Y,Y,Y,Y,Y,Y,Y,Y,Y,Y,Y,N,Y,Y,Y,Y,Y,Y,Y,Y,Y,Y,Y,Y,Y,Y,Y,Y,Y,Y,Y,Y,Y,Y,Y,Y,Y,Y,Y,Y,Y
"Executive Nominations  Secretary of General Services Reginald B. McNeil, II",117,2023-06-07 12:12:00,Y,Y,Y,Y,Y,Y,Y,Y,Y,Y,Y,Y,Y,Y,Y,Y,Y,Y,Y,Y,Y,Y,Y,Y,Y,Y,Y,Y,Y,Y,Y,Y,Y,Y,Y,Y,Y,Y,Y,Y,Y,Y,Y,Y,Y,Y,Y,Y,Y,Y
Weekly Recess,123,2023-06-20 13:14:00,Y,Y,Y,Y,Y,Y,Y,Y,Y,Y,Y,Y,Y,Y,Y,Y,Y,Y,Y,Y,Y,Y,Y,Y,Y,Y,Y,Y,Y,Y,Y,Y,Y,Y,Y,Y,Y,Y,Y,Y,Y,Y,Y,Y,Y,Y,Y,Y,Y,Y
"SB 497 PN 691, 2023 A1136, ROBINSON Amendment No. A-1136",124,2023-06-20 16:05:00,Y,Y,Y,Y,Y,Y,Y,Y,Y,Y,Y,Y,Y,Y,Y,Y,Y,Y,Y,Y,Y,Y,Y,Y,Y,Y,Y,Y,Y,Y,Y,Y,Y,Y,Y,Y,Y,Y,Y,Y,Y,Y,Y,N,Y,Y,Y,Y,Y,Y
"SB 527 PN 844, Final Passage",125,2023-06-20 16:08:00,N,Y,N,N,Y,Y,Y,Y,Y,Y,Y,Y,Y,Y,Y,Y,Y,Y,Y,Y,Y,Y,Y,Y,Y,N,Y,Y,Y,Y,Y,Y,Y,Y,Y,Y,Y,N,Y,Y,Y,Y,Y,N,Y,Y,Y,Y,Y,Y
"SB 709 PN 841, Final Passage",126,2023-06-20 16:10:00,N,Y,Y,Y,Y,Y,Y,Y,Y,Y,Y,Y,Y,Y,Y,Y,N,Y,Y,Y,Y,Y,Y,Y,Y,Y,Y,Y,Y,Y,Y,Y,Y,Y,Y,Y,Y,Y,Y,Y,Y,Y,Y,Y,Y,Y,Y,Y,Y,Y
"SB 746 PN 915, Final Passage",127,2023-06-20 16:13:00,Y,Y,Y,Y,Y,Y,Y,Y,Y,Y,Y,Y,Y,Y,N,N,Y,Y,Y,Y,N,Y,Y,Y,Y,Y,Y,N,Y,Y,Y,Y,N,Y,Y,Y,Y,Y,Y,Y,Y,Y,Y,Y,Y,Y,Y,Y,N,N
"SB 770 PN 828, Final Passage",128,2023-06-20 16:16:00,Y,Y,Y,Y,Y,Y,Y,Y,Y,Y,Y,Y,Y,Y,Y,Y,Y,Y,Y,Y,Y,Y,Y,Y,Y,Y,Y,Y,Y,Y,Y,Y,Y,Y,Y,Y,Y,Y,Y,Y,Y,Y,Y,Y,Y,Y,Y,Y,Y,Y
"SB 198 PN 81, 2023 A915, BARTOLOTTA Amendment No. A-0915",129,2023-06-20 16:24:00,N,N,N,N,N,Y,N,N,N,N,N,N,Y,N,Y,Y,N,N,N,Y,Y,N,Y,Y,Y,N,Y,Y,Y,Y,Y,Y,Y,Y,Y,Y,Y,N,Y,Y,Y,N,N,N,N,Y,Y,Y,Y,Y
"HB 1031 PN 1047, motion to agree to the bill on second consideration",130,2023-06-21 11:14:00,Y,Y,Y,Y,Y,Y,Y,Y,Y,Y,Y,Y,Y,Y,Y,Y,Y,Y,Y,Y,Y,Y,Y,Y,Y,Y,Y,Y,Y,Y,Y,Y,Y,Y,Y,Y,Y,Y,Y,Y,Y,Y,Y,Y,Y,Y,Y,Y,Y,Y
"SB 481 PN 906, Final Passage",131,2023-06-21 13:26:00,Y,Y,Y,Y,Y,Y,Y,Y,Y,Y,Y,Y,Y,Y,Y,Y,Y,Y,Y,Y,Y,Y,Y,Y,Y,Y,Y,Y,Y,Y,Y,Y,Y,Y,Y,Y,Y,Y,Y,Y,Y,Y,Y,Y,Y,Y,Y,Y,Y,Y
"SB 482 PN 907, Final Passage",132,2023-06-21 13:27:00,Y,Y,Y,Y,Y,Y,Y,Y,Y,Y,Y,Y,Y,Y,Y,Y,Y,Y,Y,Y,Y,Y,Y,Y,Y,Y,Y,Y,Y,Y,Y,Y,Y,Y,Y,Y,Y,Y,Y,Y,Y,Y,Y,Y,Y,Y,Y,Y,Y,Y
"SB 483 PN 908, Final Passage",133,2023-06-21 13:28:00,Y,Y,Y,Y,Y,Y,Y,Y,Y,Y,Y,Y,Y,Y,Y,Y,Y,Y,Y,Y,Y,Y,Y,Y,Y,Y,Y,Y,Y,Y,Y,Y,Y,Y,Y,Y,Y,Y,Y,Y,Y,Y,Y,Y,Y,Y,Y,Y,Y,Y
"SB 484 PN 909, Final Passage",134,2023-06-21 13:29:00,Y,Y,Y,Y,Y,Y,Y,Y,Y,Y,Y,Y,Y,Y,Y,Y,Y,Y,Y,Y,Y,Y,Y,Y,Y,Y,Y,Y,Y,Y,Y,Y,Y,Y,Y,Y,Y,Y,Y,Y,Y,Y,Y,Y,Y,Y,Y,Y,Y,Y
"SB 486 PN 911, Final Passage",136,2023-06-21 13:30:00,Y,Y,Y,Y,Y,Y,Y,Y,Y,Y,Y,Y,Y,Y,Y,Y,Y,Y,Y,Y,Y,Y,Y,Y,Y,Y,Y,Y,Y,Y,Y,Y,Y,Y,Y,Y,Y,Y,Y,Y,Y,Y,Y,Y,Y,Y,Y,Y,Y,Y
"SB 485 PN 910, Final Passage",135,2023-06-21 13:30:00,Y,Y,Y,Y,Y,Y,Y,Y,Y,Y,Y,Y,Y,Y,Y,Y,Y,Y,Y,Y,Y,Y,Y,Y,Y,Y,Y,Y,Y,Y,Y,Y,Y,Y,Y,Y,Y,Y,Y,Y,Y,Y,Y,Y,Y,Y,Y,Y,Y,Y
"SB 487 PN 912, Final Passage",137,2023-06-21 13:31:00,Y,Y,Y,Y,Y,Y,Y,Y,Y,Y,Y,Y,Y,Y,Y,Y,Y,Y,Y,Y,Y,Y,Y,Y,Y,Y,Y,Y,Y,Y,Y,Y,Y,Y,Y,Y,Y,Y,Y,Y,Y,Y,Y,Y,Y,Y,Y,Y,Y,Y
"SB 488 PN 913, Final Passage",138,2023-06-21 13:32:00,Y,Y,Y,Y,Y,Y,Y,Y,Y,Y,Y,Y,Y,Y,Y,Y,Y,Y,Y,Y,Y,Y,Y,Y,Y,Y,Y,Y,Y,Y,Y,Y,Y,Y,Y,Y,Y,Y,Y,Y,Y,Y,Y,Y,Y,Y,Y,Y,Y,Y
"SB 489 PN 914, Final Passage",139,2023-06-21 13:33:00,Y,Y,Y,Y,Y,Y,Y,Y,Y,Y,Y,Y,Y,Y,Y,Y,Y,Y,Y,Y,Y,Y,Y,Y,Y,Y,Y,Y,Y,Y,Y,Y,Y,Y,Y,Y,Y,Y,Y,Y,Y,Y,Y,Y,Y,Y,Y,Y,Y,Y
"SB 37 PN 737, 2023 A1208, BROWN Amendment No. A-1208",140,2023-06-21 13:37:00,Y,Y,Y,Y,Y,Y,Y,Y,Y,Y,Y,Y,Y,Y,N,N,Y,Y,Y,Y,Y,Y,Y,Y,Y,Y,Y,Y,Y,Y,Y,Y,Y,Y,Y,Y,Y,Y,Y,Y,Y,Y,Y,Y,Y,Y,Y,Y,Y,Y
"SB 198 PN 933, Final Passage",141,2023-06-21 13:43:00,N,N,N,N,N,Y,N,N,N,N,N,N,Y,N,Y,Y,N,N,N,Y,Y,N,Y,Y,Y,N,Y,Y,Y,Y,Y,Y,Y,Y,Y,Y,Y,N,Y,Y,Y,N,N,N,N,Y,Y,Y,Y,Y
"SB 199 PN 82, Final Passage",142,2023-06-21 13:45:00,N,N,N,N,N,Y,N,N,N,N,N,N,Y,N,Y,Y,N,N,N,Y,Y,N,Y,Y,Y,N,Y,Y,Y,Y,Y,Y,Y,Y,Y,Y,Y,N,Y,Y,Y,N,N,N,N,Y,Y,Y,Y,Y
"SB 497 PN 932, 2023 A1204, Motion to table MUTH Amendment No. A-1204",143,2023-06-21 13:51:00,N,N,N,N,N,Y,N,N,N,N,N,N,Y,N,Y,Y,N,N,N,Y,Y,N,Y,Y,Y,N,Y,Y,Y,Y,Y,Y,Y,Y,Y,Y,Y,N,Y,Y,Y,N,N,N,N,Y,Y,Y,Y,Y
"SB 497 PN 932, Final Passage",144,2023-06-21 13:56:00,Y,Y,Y,Y,Y,Y,Y,Y,Y,Y,Y,Y,Y,Y,Y,N,Y,Y,Y,Y,Y,Y,Y,Y,Y,Y,Y,Y,Y,Y,Y,Y,Y,Y,Y,Y,Y,Y,Y,Y,Y,Y,Y,N,Y,Y,Y,Y,Y,Y
"SB 497 PN 932, Final Passage - Reconsidertation",145,2023-06-21 13:59:00,Y,Y,Y,Y,Y,Y,Y,Y,Y,Y,Y,Y,Y,Y,Y,N,N,Y,Y,Y,Y,Y,Y,Y,Y,Y,Y,Y,Y,Y,Y,Y,Y,Y,Y,Y,Y,Y,Y,Y,Y,Y,Y,N,Y,Y,Y,Y,Y,Y
"SB 561 PN 559, Final Passage",146,2023-06-21 14:09:00,N,N,N,N,Y,N,N,N,N,N,N,N,Y,N,Y,Y,N,Y,N,Y,Y,Y,Y,Y,Y,N,Y,Y,Y,Y,Y,Y,Y,Y,Y,Y,Y,N,Y,Y,Y,Y,N,N,Y,Y,Y,Y,Y,Y
"SB 562 PN 570, Final Passage",147,2023-06-21 14:10:00,N,N,N,N,Y,N,N,N,N,N,N,N,Y,N,Y,Y,N,N,N,Y,Y,Y,Y,Y,Y,N,Y,Y,Y,Y,Y,Y,Y,Y,Y,Y,Y,N,Y,Y,Y,Y,N,N,Y,Y,Y,Y,Y,Y
"SB 656 PN 859, Final Passage",148,2023-06-21 14:14:00,N,Y,N,Y,Y,Y,N,Y,Y,N,Y,Y,Y,Y,Y,N,N,Y,N,Y,Y,Y,Y,Y,Y,Y,Y,Y,Y,Y,Y,Y,Y,Y,Y,Y,Y,N,Y,Y,Y,Y,Y,N,Y,Y,Y,Y,Y,Y
Executive Nominations (Attached),149,2023-06-21 14:18:00,Y,Y,Y,Y,Y,Y,Y,Y,Y,Y,Y,Y,Y,Y,Y,Y,Y,Y,Y,Y,Y,Y,Y,Y,Y,Y,Y,Y,Y,Y,Y,Y,Y,Y,Y,Y,Y,Y,Y,Y,Y,Y,Y,Y,Y,Y,Y,Y,Y,Y
Executive Nominations  Secretary of Drug and Alcohol Programs Latika D. Davis-Jones,150,2023-06-21 14:19:00,Y,Y,Y,Y,Y,Y,Y,Y,Y,Y,Y,Y,Y,Y,Y,Y,Y,Y,Y,Y,Y,Y,Y,Y,Y,Y,Y,Y,Y,Y,Y,Y,Y,Y,Y,Y,Y,Y,Y,Y,Y,Y,Y,Y,Y,Y,Y,Y,Y,Y
Executive Nominations  Secretary of Labor and Industry Nancy A. Walker,151,2023-06-21 14:20:00,Y,Y,Y,Y,Y,Y,Y,Y,Y,Y,Y,Y,Y,Y,Y,Y,Y,Y,Y,Y,N,Y,Y,Y,Y,Y,Y,Y,Y,Y,Y,Y,Y,Y,Y,Y,Y,Y,Y,Y,Y,Y,Y,Y,Y,Y,Y,Y,Y,Y
"SB 655 PN 638, Motion to agree to the bill on second consideration",152,2023-06-22 11:25:00,Y,Y,Y,Y,Y,Y,Y,Y,Y,Y,Y,Y,Y,Y,Y,Y,Y,Y,Y,Y,Y,Y,Y,Y,Y,Y,Y,Y,Y,Y,X,Y,X,Y,Y,Y,Y,Y,Y,Y,Y,Y,Y,Y,Y,Y,Y,Y,Y,Y
"SB 414 PN 361, Final Passage",153,2023-06-22 13:56:00,Y,Y,Y,Y,Y,Y,Y,Y,Y,Y,Y,Y,Y,Y,Y,Y,Y,Y,Y,Y,Y,Y,Y,Y,Y,Y,Y,Y,Y,Y,X,Y,X,Y,Y,Y,Y,Y,Y,Y,Y,Y,Y,Y,Y,Y,Y,Y,Y,Y
"SB 694 PN 722, Final Passage",154,2023-06-22 13:59:00,Y,Y,Y,Y,Y,Y,Y,Y,Y,Y,Y,Y,Y,Y,Y,Y,Y,Y,Y,Y,Y,Y,Y,Y,Y,Y,Y,Y,Y,Y,X,Y,X,Y,Y,Y,Y,Y,Y,Y,Y,Y,Y,Y,Y,Y,Y,Y,Y,Y
"SB 753 PN 800, Final Passage",155,2023-06-22 14:00:00,Y,Y,Y,Y,Y,Y,Y,Y,Y,Y,Y,Y,Y,Y,Y,Y,Y,Y,Y,Y,Y,Y,Y,Y,Y,Y,Y,Y,Y,Y,X,Y,X,Y,Y,Y,Y,Y,Y,Y,Y,Y,Y,Y,Y,Y,Y,Y,Y,Y
SR 46 PN 903,156,2023-06-22 14:16:00,Y,Y,Y,Y,Y,Y,Y,Y,Y,Y,Y,Y,Y,Y,Y,Y,Y,Y,Y,Y,Y,Y,Y,Y,Y,Y,Y,Y,Y,Y,X,Y,X,Y,Y,Y,Y,Y,Y,Y,Y,Y,Y,Y,Y,Y,Y,Y,Y,Y
"SB 37 PN 939, Final Passage",157,2023-06-22 14:31:00,N,Y,N,N,Y,Y,N,Y,Y,Y,Y,Y,Y,Y,N,N,Y,Y,Y,Y,Y,Y,Y,Y,Y,Y,Y,N,Y,Y,X,Y,X,N,Y,Y,Y,N,Y,Y,Y,Y,Y,N,Y,Y,Y,Y,Y,N
Executive Nominations  Secretary of Corrections Laurel R. Harry,158,2023-06-22 14:33:00,Y,Y,Y,Y,Y,Y,Y,Y,Y,Y,Y,Y,Y,Y,Y,Y,Y,Y,Y,Y,Y,Y,Y,Y,Y,Y,Y,Y,Y,Y,X,Y,X,Y,Y,Y,Y,Y,Y,Y,Y,Y,Y,Y,Y,Y,Y,Y,Y,Y
"Approval of the Previous Days Journal April 24, 2023",159,2023-06-26 13:52:00,Y,Y,Y,Y,Y,Y,Y,Y,Y,Y,Y,Y,Y,Y,Y,Y,Y,Y,Y,Y,Y,Y,Y,Y,Y,Y,Y,Y,Y,Y,Y,Y,Y,Y,Y,Y,Y,Y,Y,Y,Y,Y,Y,Y,Y,Y,Y,Y,X,Y
"SB 506 PN 843, Final Passage",160,2023-06-26 17:05:00,Y,Y,Y,Y,Y,Y,Y,Y,Y,Y,Y,Y,Y,Y,Y,Y,Y,Y,Y,Y,Y,Y,Y,Y,Y,Y,Y,Y,Y,Y,Y,Y,Y,Y,Y,Y,Y,Y,Y,Y,Y,Y,Y,Y,Y,Y,Y,Y,X,Y
"SB 630 PN 668, Final Passage",161,2023-06-26 17:07:00,Y,Y,Y,Y,Y,Y,Y,Y,Y,Y,Y,Y,Y,Y,Y,Y,Y,Y,Y,Y,Y,Y,Y,Y,Y,Y,Y,Y,Y,Y,Y,Y,Y,Y,Y,Y,Y,Y,Y,Y,Y,Y,Y,Y,Y,Y,Y,Y,X,Y
"SB 260 PN 935, Final Passage",162,2023-06-26 17:30:00,N,Y,N,Y,Y,Y,Y,Y,Y,Y,Y,Y,Y,Y,Y,Y,N,Y,Y,Y,Y,Y,Y,Y,Y,Y,Y,Y,Y,Y,Y,Y,Y,Y,Y,Y,Y,N,Y,Y,Y,Y,Y,N,Y,Y,Y,Y,X,Y
"SB 500 PN 484, Final Passage",163,2023-06-26 17:35:00,Y,Y,Y,Y,Y,Y,Y,Y,Y,Y,Y,Y,Y,Y,Y,Y,Y,Y,Y,Y,Y,Y,Y,Y,Y,Y,Y,Y,Y,Y,Y,Y,Y,Y,Y,Y,Y,Y,Y,Y,Y,Y,Y,Y,Y,Y,Y,Y,X,Y
"SB 836 PN 925, Final Passage",164,2023-06-26 17:36:00,Y,Y,Y,Y,Y,Y,Y,Y,Y,Y,Y,Y,Y,Y,Y,Y,Y,Y,Y,Y,Y,Y,Y,Y,Y,Y,Y,Y,Y,Y,Y,Y,Y,Y,Y,Y,Y,Y,Y,Y,Y,Y,Y,Y,Y,Y,Y,Y,X,Y
Executive Nominations (Attached),165,2023-06-26 17:39:00,Y,Y,Y,Y,Y,Y,Y,Y,Y,Y,Y,Y,Y,Y,Y,Y,Y,Y,Y,Y,Y,Y,Y,Y,Y,Y,Y,Y,Y,Y,Y,Y,Y,Y,Y,Y,Y,Y,Y,Y,Y,Y,Y,Y,Y,Y,Y,Y,X,Y
Executive Nominations  Secretary of Education Khalid N. Mumin,166,2023-06-26 17:42:00,Y,Y,Y,Y,Y,Y,Y,Y,Y,Y,Y,Y,Y,Y,N,N,Y,Y,Y,Y,Y,Y,Y,Y,Y,Y,Y,Y,Y,Y,Y,Y,N,Y,Y,Y,Y,Y,Y,Y,Y,Y,Y,Y,Y,Y,Y,Y,X,Y
Executive Nominations  Pennsylvania State Fire Commissioner Thomas G. Cook,167,2023-06-26 17:43:00,Y,Y,Y,Y,Y,Y,Y,Y,Y,Y,Y,Y,Y,Y,Y,Y,Y,Y,Y,Y,Y,Y,Y,Y,Y,Y,Y,Y,Y,Y,Y,Y,Y,Y,Y,Y,Y,Y,Y,Y,Y,Y,Y,Y,Y,Y,Y,Y,X,Y
Executive Nominations  Insurance Commissioner of Pennsylvania Michael Humphreys,168,2023-06-26 17:44:00,Y,Y,Y,Y,Y,Y,Y,Y,Y,Y,Y,Y,Y,Y,Y,Y,Y,Y,Y,Y,Y,Y,Y,Y,Y,Y,Y,Y,Y,Y,Y,Y,Y,Y,Y,Y,Y,Y,Y,Y,Y,Y,Y,Y,Y,Y,Y,Y,X,Y
"HB 804 PN 1305, Motion to Agree to the Bill on Second Consideration",169,2023-06-27 13:16:00,Y,Y,Y,Y,Y,Y,Y,Y,Y,Y,Y,Y,Y,Y,Y,Y,Y,Y,Y,Y,Y,Y,Y,Y,Y,Y,Y,Y,Y,Y,Y,Y,Y,Y,Y,Y,Y,Y,Y,Y,Y,Y,Y,Y,Y,Y,Y,Y,X,Y
"SB 81 PN 652, Final Passage",170,2023-06-27 16:20:00,Y,Y,Y,Y,Y,Y,Y,Y,Y,Y,Y,Y,Y,Y,Y,Y,Y,Y,Y,Y,Y,Y,Y,Y,Y,Y,Y,Y,Y,Y,Y,Y,Y,Y,Y,Y,Y,Y,Y,Y,Y,Y,Y,Y,Y,Y,Y,Y,X,Y
"SB 209 PN 839, Final Passage",171,2023-06-27 16:23:00,Y,Y,Y,Y,Y,Y,Y,Y,Y,Y,Y,Y,Y,Y,Y,Y,Y,Y,Y,Y,Y,Y,Y,Y,Y,Y,Y,Y,Y,Y,Y,Y,Y,Y,Y,Y,Y,Y,Y,Y,Y,Y,Y,Y,Y,Y,Y,Y,X,Y
"SB 344 PN 688, Final Passage",172,2023-06-27 16:24:00,Y,Y,Y,Y,Y,Y,Y,Y,Y,Y,Y,Y,Y,Y,Y,Y,Y,Y,Y,Y,Y,Y,Y,Y,Y,Y,Y,Y,Y,Y,Y,Y,Y,Y,Y,Y,Y,Y,Y,Y,Y,Y,Y,Y,Y,Y,Y,Y,X,Y
"SB 460 PN 974, Final Passage",173,2023-06-27 16:28:00,N,N,N,N,Y,Y,N,N,Y,Y,N,N,Y,Y,Y,Y,N,Y,N,Y,Y,Y,Y,Y,Y,N,Y,Y,Y,Y,Y,Y,Y,Y,Y,Y,Y,N,Y,Y,Y,N,N,N,Y,Y,Y,Y,X,Y
SR 120 PN 805,174,2023-06-27 16:35:00,Y,Y,Y,Y,Y,Y,Y,Y,Y,Y,Y,Y,Y,Y,Y,Y,Y,Y,Y,Y,Y,Y,Y,Y,Y,Y,Y,Y,Y,Y,Y,Y,Y,Y,Y,Y,Y,Y,Y,Y,Y,Y,Y,Y,Y,Y,Y,Y,X,Y
"SR 136 PN 966, 2023 A1499, MASTRIANO Amendment No. A-1499",175,2023-06-27 16:37:00,Y,Y,Y,Y,Y,Y,Y,Y,Y,Y,Y,Y,Y,Y,Y,Y,Y,Y,Y,Y,Y,Y,Y,Y,Y,Y,Y,Y,Y,Y,Y,Y,Y,Y,Y,Y,Y,Y,Y,Y,Y,Y,Y,Y,Y,Y,Y,Y,X,Y
"SR 136 PN 966, 2023 A1521, Motion to Table MUTH Amendment No. A-1521",176,2023-06-27 16:42:00,N,N,N,N,N,Y,N,N,N,N,N,N,Y,N,Y,Y,N,N,N,Y,Y,N,Y,Y,Y,N,Y,Y,Y,Y,Y,Y,Y,Y,Y,Y,Y,N,Y,Y,Y,N,N,N,N,Y,Y,Y,X,Y
"SB 838 PN 973, Final Passage",177,2023-06-27 17:06:00,Y,Y,Y,Y,Y,Y,Y,Y,Y,Y,Y,Y,Y,Y,N,Y,Y,Y,Y,Y,Y,Y,Y,Y,N,Y,Y,Y,Y,Y,Y,Y,Y,Y,N,Y,Y,Y,Y,Y,Y,Y,Y,Y,Y,Y,Y,Y,X,N
Executive Nominations (Attached),178,2023-06-27 19:47:00,Y,Y,Y,Y,Y,Y,Y,Y,Y,Y,Y,Y,Y,Y,Y,Y,Y,Y,Y,Y,Y,Y,Y,Y,Y,Y,Y,Y,Y,Y,Y,Y,Y,Y,Y,Y,Y,Y,Y,Y,Y,Y,Y,Y,Y,Y,Y,Y,X,Y
Executive Nominations  Secretary of Environmental Protection Richard Negrin,179,2023-06-27 19:48:00,Y,Y,Y,Y,Y,Y,Y,Y,Y,Y,Y,Y,Y,Y,Y,Y,Y,Y,Y,Y,Y,Y,Y,Y,Y,Y,Y,Y,Y,Y,Y,Y,N,Y,Y,Y,Y,Y,Y,Y,Y,Y,Y,Y,Y,Y,Y,Y,X,Y
Executive Nominations (Attached),180,2023-06-27 19:49:00,Y,Y,Y,Y,Y,Y,Y,Y,Y,Y,Y,Y,Y,Y,Y,Y,Y,Y,Y,Y,Y,Y,Y,Y,Y,Y,Y,Y,Y,Y,Y,Y,Y,Y,Y,Y,Y,Y,Y,Y,Y,Y,Y,Y,Y,Y,Y,Y,X,Y
"HB 614 PN 1682, Motion to Agree on the Bill in Second Consideration",181,2023-06-28 11:12:00,Y,Y,Y,Y,Y,Y,Y,Y,Y,Y,Y,Y,Y,Y,Y,Y,Y,Y,Y,Y,Y,Y,Y,Y,Y,Y,Y,Y,Y,Y,Y,Y,Y,Y,Y,Y,Y,Y,Y,Y,Y,Y,Y,Y,Y,Y,Y,Y,Y,Y
"SB 683 PN 929, Final Passage",182,2023-06-28 12:57:00,Y,Y,Y,Y,Y,Y,Y,Y,Y,Y,Y,Y,Y,Y,Y,Y,Y,Y,Y,Y,Y,Y,Y,Y,Y,Y,Y,Y,Y,Y,Y,Y,Y,Y,Y,Y,Y,Y,Y,Y,Y,Y,Y,Y,Y,Y,Y,Y,Y,Y
"SB 740 PN 856, Final Passage",183,2023-06-28 12:59:00,Y,Y,Y,Y,Y,Y,Y,Y,Y,Y,Y,Y,Y,Y,Y,Y,Y,Y,Y,Y,Y,Y,Y,Y,Y,Y,Y,Y,Y,Y,Y,Y,Y,Y,Y,Y,Y,Y,Y,Y,Y,Y,Y,Y,Y,Y,Y,Y,Y,Y
"SB 750 PN 972, Final Passage",184,2023-06-28 13:02:00,Y,Y,Y,Y,Y,Y,Y,N,Y,Y,Y,Y,Y,Y,Y,Y,Y,Y,Y,Y,N,Y,Y,Y,Y,N,Y,Y,Y,Y,Y,Y,N,Y,Y,Y,Y,Y,Y,Y,Y,Y,Y,Y,Y,Y,Y,Y,Y,Y
"SB 756 PN 797, Final Passage",185,2023-06-28 13:10:00,Y,Y,Y,Y,Y,Y,Y,Y,Y,Y,Y,Y,Y,Y,Y,N,Y,Y,Y,Y,Y,Y,Y,Y,Y,Y,Y,Y,Y,Y,Y,Y,Y,Y,Y,Y,Y,Y,Y,Y,Y,Y,Y,Y,Y,Y,Y,Y,Y,Y
"SB 829 PN 983, Final Passage",186,2023-06-28 13:11:00,Y,Y,Y,Y,Y,Y,Y,Y,Y,Y,Y,Y,Y,Y,Y,Y,Y,Y,Y,Y,Y,Y,Y,Y,Y,Y,Y,Y,Y,Y,Y,Y,Y,Y,Y,Y,Y,Y,Y,Y,Y,Y,Y,Y,Y,Y,Y,Y,Y,Y
SR 136 PN 984,187,2023-06-28 13:23:00,Y,Y,Y,Y,Y,Y,Y,Y,Y,Y,Y,Y,Y,Y,Y,Y,Y,Y,Y,Y,Y,Y,Y,Y,Y,Y,Y,Y,Y,Y,Y,Y,Y,Y,Y,Y,Y,Y,Y,Y,Y,Y,Y,Y,Y,Y,Y,Y,Y,Y
"Approval of the Previous Days Journal April 25, 2023",188,2023-06-29 18:18:00,Y,Y,Y,Y,Y,Y,Y,Y,Y,Y,Y,Y,Y,Y,Y,Y,Y,Y,Y,Y,Y,Y,Y,Y,Y,Y,Y,Y,Y,Y,Y,Y,Y,Y,Y,Y,Y,Y,Y,Y,Y,Y,Y,Y,Y,Y,Y,Y,Y,Y
"SB 44 PN 976, Final Passage",189,2023-06-29 18:53:00,Y,Y,Y,Y,Y,Y,Y,Y,Y,Y,Y,Y,Y,Y,Y,Y,Y,Y,Y,Y,Y,Y,Y,Y,Y,Y,Y,Y,Y,Y,Y,Y,Y,Y,Y,Y,Y,Y,Y,Y,Y,Y,Y,Y,Y,Y,Y,Y,Y,Y
"SB 45 PN 927, Final Passage",190,2023-06-29 18:57:00,Y,Y,Y,Y,Y,Y,Y,Y,Y,Y,Y,Y,Y,Y,Y,Y,Y,Y,Y,Y,Y,Y,Y,Y,Y,Y,Y,Y,Y,Y,Y,Y,Y,Y,Y,Y,Y,Y,Y,Y,Y,Y,Y,Y,Y,Y,Y,Y,Y,Y
"HB 479 PN 1804, Motion to Suspend Senate Rule 12",191,2023-06-29 19:13:00,Y,Y,Y,Y,Y,Y,Y,Y,Y,Y,Y,Y,Y,Y,Y,Y,Y,Y,Y,Y,Y,Y,Y,Y,Y,Y,Y,Y,Y,Y,Y,Y,Y,Y,Y,Y,Y,N,Y,Y,Y,Y,Y,N,Y,Y,Y,Y,Y,Y
"HB 479 PN 1804, Final Passage",192,2023-06-29 20:07:00,N,N,N,N,N,Y,N,Y,N,N,N,N,Y,N,Y,Y,N,N,N,Y,Y,N,Y,Y,Y,N,Y,Y,Y,Y,Y,Y,Y,Y,Y,Y,Y,N,Y,Y,Y,N,N,N,N,Y,Y,Y,Y,Y
Executive Nominations (Attached),193,2023-06-29 20:18:00,Y,Y,Y,Y,Y,Y,Y,Y,Y,Y,Y,Y,Y,Y,Y,Y,Y,Y,Y,Y,Y,Y,Y,Y,Y,Y,Y,Y,Y,Y,Y,Y,Y,Y,Y,Y,Y,Y,Y,Y,Y,Y,Y,Y,Y,Y,Y,Y,Y,Y
"Approval of the Previous Days Journal April 26, 2023",194,2023-06-30 14:23:00,Y,Y,Y,Y,Y,Y,Y,Y,Y,Y,Y,Y,Y,Y,Y,Y,Y,Y,Y,Y,Y,Y,Y,Y,Y,Y,Y,Y,Y,Y,Y,Y,Y,Y,Y,Y,Y,Y,Y,Y,Y,Y,Y,Y,Y,Y,Y,Y,Y,Y
"HB 614 PN 1682, Final Passage",195,2023-06-30 14:45:00,Y,Y,Y,Y,Y,Y,Y,Y,Y,Y,Y,Y,Y,Y,Y,N,Y,Y,Y,Y,Y,Y,Y,Y,Y,Y,Y,Y,Y,Y,Y,Y,Y,Y,Y,Y,Y,Y,Y,Y,Y,Y,Y,Y,Y,Y,Y,Y,Y,Y
"HB 616 PN 1683, Final Passage",197,2023-06-30 14:46:00,Y,Y,Y,Y,Y,Y,Y,Y,Y,Y,Y,Y,Y,Y,Y,N,Y,Y,Y,Y,Y,Y,Y,Y,Y,Y,Y,Y,Y,Y,Y,Y,Y,Y,Y,Y,Y,Y,Y,Y,Y,Y,Y,Y,Y,Y,Y,Y,Y,Y
"HB 615 PN 1124, Final Passage",196,2023-06-30 14:46:00,Y,Y,Y,Y,Y,Y,Y,Y,Y,Y,Y,Y,Y,Y,Y,N,Y,Y,Y,Y,Y,Y,Y,Y,Y,Y,Y,Y,Y,Y,Y,Y,Y,Y,Y,Y,Y,Y,Y,Y,Y,Y,Y,Y,Y,Y,Y,Y,Y,Y
"HB 617 PN 1126, Final Passage",198,2023-06-30 14:47:00,Y,Y,Y,Y,Y,Y,Y,Y,Y,Y,Y,Y,Y,Y,Y,Y,Y,Y,Y,Y,Y,Y,Y,Y,Y,Y,Y,Y,Y,Y,Y,Y,Y,Y,Y,Y,Y,Y,Y,Y,Y,Y,Y,Y,Y,Y,Y,Y,Y,Y
"HB 618 PN 1684, Final Passage",199,2023-06-30 14:48:00,Y,Y,Y,Y,Y,Y,Y,Y,Y,Y,Y,Y,Y,Y,Y,Y,Y,Y,Y,Y,Y,Y,Y,Y,Y,Y,Y,Y,Y,Y,Y,Y,Y,Y,Y,Y,Y,Y,Y,Y,Y,Y,Y,Y,Y,Y,Y,Y,Y,Y
"HB 619 PN 1685, Final Passage",200,2023-06-30 14:49:00,Y,Y,Y,Y,Y,Y,Y,Y,Y,Y,Y,Y,Y,Y,Y,N,Y,Y,Y,Y,Y,Y,Y,Y,Y,Y,Y,Y,Y,Y,Y,Y,Y,Y,Y,Y,Y,Y,Y,Y,Y,Y,Y,Y,Y,Y,Y,Y,Y,Y
"HB 621 PN 1130, Final Passage",202,2023-06-30 14:50:00,Y,Y,Y,Y,Y,Y,Y,Y,Y,Y,Y,Y,Y,Y,Y,N,Y,Y,Y,Y,Y,Y,Y,Y,Y,Y,Y,Y,Y,Y,Y,Y,Y,Y,Y,Y,Y,Y,Y,Y,Y,Y,Y,Y,Y,Y,Y,Y,Y,Y
"HB 620 PN 1129, Final Passage",201,2023-06-30 14:50:00,Y,Y,Y,Y,Y,Y,Y,Y,Y,Y,Y,Y,Y,Y,Y,Y,Y,Y,Y,Y,Y,Y,Y,Y,Y,Y,Y,Y,Y,Y,Y,Y,Y,Y,Y,Y,Y,Y,Y,Y,Y,Y,Y,Y,Y,Y,Y,Y,Y,Y
"HB 622 PN 1686, Final Passage",203,2023-06-30 14:51:00,Y,Y,Y,Y,Y,Y,Y,Y,Y,Y,Y,Y,Y,Y,Y,N,Y,Y,Y,Y,Y,Y,Y,Y,Y,Y,Y,Y,Y,Y,Y,Y,Y,Y,Y,Y,Y,Y,Y,Y,Y,Y,Y,Y,Y,Y,Y,Y,Y,Y
"SB 146 PN 120, Final Passage",204,2023-06-30 14:52:00,Y,Y,Y,Y,Y,Y,Y,Y,Y,Y,Y,Y,Y,Y,Y,Y,Y,Y,Y,Y,Y,Y,Y,Y,Y,Y,Y,Y,Y,Y,Y,Y,Y,Y,Y,Y,Y,Y,Y,Y,Y,Y,Y,Y,Y,Y,Y,Y,Y,Y
"SB 765 PN 863, Final Passage",205,2023-06-30 14:55:00,Y,Y,Y,Y,Y,Y,Y,Y,Y,Y,Y,Y,Y,Y,Y,Y,Y,Y,Y,Y,Y,Y,Y,Y,Y,Y,Y,Y,Y,Y,Y,Y,Y,Y,Y,Y,Y,Y,Y,Y,Y,Y,Y,Y,Y,Y,Y,Y,Y,Y
"SB 775 PN 874, Final Passage",207,2023-06-30 14:56:00,Y,Y,Y,Y,Y,Y,Y,Y,Y,Y,Y,Y,Y,Y,Y,Y,Y,Y,Y,Y,Y,Y,Y,Y,Y,Y,Y,Y,Y,Y,Y,Y,Y,Y,Y,Y,Y,Y,Y,Y,Y,Y,Y,Y,Y,Y,Y,Y,Y,Y
"SB 774 PN 873, Final Passage",206,2023-06-30 14:56:00,Y,Y,Y,Y,Y,Y,Y,Y,Y,Y,Y,Y,Y,Y,Y,Y,Y,Y,Y,Y,Y,Y,Y,Y,Y,Y,Y,Y,Y,Y,Y,Y,Y,Y,Y,Y,Y,Y,Y,Y,Y,Y,Y,Y,Y,Y,Y,Y,Y,Y
"SB 784 PN 880, Final Passage",208,2023-06-30 14:57:00,Y,Y,Y,Y,Y,Y,Y,Y,Y,Y,Y,Y,Y,Y,Y,Y,Y,Y,Y,Y,Y,Y,Y,Y,Y,Y,Y,Y,Y,Y,Y,Y,Y,Y,Y,Y,Y,Y,Y,Y,Y,Y,Y,Y,Y,Y,Y,Y,Y,Y
"HB 1031 PN 1047, Final Passage",209,2023-06-30 15:01:00,Y,Y,Y,Y,Y,Y,Y,Y,Y,Y,Y,Y,Y,Y,Y,Y,Y,Y,Y,Y,Y,Y,Y,Y,Y,Y,Y,Y,Y,Y,Y,Y,Y,Y,Y,Y,Y,Y,Y,Y,Y,Y,Y,Y,Y,Y,Y,Y,Y,Y
SR 116 PN 986,210,2023-06-30 15:08:00,N,N,N,N,N,Y,N,N,N,N,N,N,Y,N,Y,Y,N,N,N,Y,Y,N,Y,Y,Y,N,Y,Y,Y,Y,Y,Y,Y,Y,Y,Y,Y,N,Y,Y,Y,N,N,N,N,Y,Y,Y,Y,Y
"HB 1100 PN 1740, Final Passage",211,2023-06-30 15:39:00,Y,Y,Y,Y,Y,Y,Y,Y,Y,Y,Y,Y,Y,Y,Y,Y,Y,Y,Y,Y,Y,Y,Y,Y,Y,Y,Y,Y,Y,Y,Y,Y,Y,Y,Y,Y,Y,Y,Y,Y,Y,Y,Y,Y,Y,Y,Y,Y,Y,Y
"HB 611 PN 1811, Motion to Suspend Senate Rule 12",212,2023-06-30 15:43:00,Y,Y,Y,Y,Y,Y,Y,Y,N,Y,Y,Y,Y,Y,Y,Y,N,Y,Y,Y,Y,Y,Y,Y,Y,Y,Y,Y,Y,Y,Y,Y,Y,Y,Y,Y,Y,N,Y,Y,Y,N,Y,N,N,Y,Y,Y,Y,Y
"HB 611 PN 1811, Final Passage",213,2023-06-30 16:17:00,N,N,N,N,N,Y,N,Y,N,N,N,N,Y,N,Y,Y,N,N,N,Y,Y,N,Y,Y,Y,N,Y,Y,Y,Y,Y,Y,Y,Y,Y,Y,Y,N,Y,Y,Y,N,N,N,N,Y,Y,Y,Y,Y
Executive Nominations (Attached),214,2023-06-30 16:21:00,Y,Y,Y,Y,Y,Y,Y,Y,Y,Y,Y,Y,Y,Y,Y,Y,Y,Y,Y,Y,Y,Y,Y,Y,Y,Y,Y,Y,Y,Y,Y,Y,Y,Y,Y,Y,Y,Y,Y,Y,Y,Y,Y,Y,Y,Y,Y,Y,Y,Y
Executive Nominations (Attached),215,2023-06-30 16:22:00,Y,Y,Y,Y,Y,Y,Y,Y,Y,Y,Y,Y,Y,Y,Y,Y,Y,Y,Y,Y,Y,Y,Y,Y,Y,Y,Y,Y,Y,Y,Y,Y,Y,Y,Y,Y,Y,Y,Y,Y,Y,Y,Y,Y,Y,Y,Y,Y,Y,Y
"Approval of the Previous Days Journals May 1, 2, 3, 8, 9, 10, 2023",216,2023-08-30 13:26:00,X,Y,Y,Y,Y,Y,Y,Y,Y,Y,Y,Y,Y,Y,Y,Y,Y,Y,X,Y,Y,Y,Y,Y,Y,Y,Y,Y,Y,Y,Y,Y,X,Y,Y,Y,Y,Y,Y,Y,Y,Y,Y,Y,Y,Y,Y,Y,Y,Y
"HB 1300 PN 1943, Motion to Suspend Rule 12",217,2023-08-30 15:00:00,X,Y,Y,N,N,Y,Y,Y,Y,Y,N,N,Y,Y,Y,Y,N,Y,X,Y,Y,Y,Y,Y,Y,Y,Y,Y,Y,Y,Y,Y,X,Y,Y,Y,Y,N,Y,Y,Y,N,Y,N,Y,Y,Y,Y,Y,Y
"HB 1300 PN 1943, Final Passage",218,2023-08-30 15:32:00,X,N,N,N,N,Y,N,Y,N,N,N,N,Y,N,Y,Y,N,Y,X,Y,Y,N,Y,Y,Y,N,Y,Y,Y,Y,Y,Y,X,Y,Y,Y,Y,N,Y,Y,Y,N,N,N,N,Y,Y,Y,Y,Y
"SB 757 PN 1058, Motion to Suspend Rule 12",219,2023-08-30 15:36:00,X,N,N,N,N,Y,N,Y,N,Y,N,N,Y,N,Y,Y,N,Y,X,Y,Y,N,Y,Y,Y,N,Y,Y,Y,Y,Y,Y,X,Y,Y,Y,Y,N,Y,Y,Y,N,N,N,N,Y,Y,Y,Y,Y
"SB 757 PN 1058, Final Passage",220,2023-08-30 15:54:00,X,N,N,N,N,Y,N,Y,N,N,N,N,Y,N,Y,Y,N,N,X,Y,Y,N,Y,Y,Y,N,Y,Y,Y,Y,Y,Y,X,Y,Y,Y,Y,N,Y,Y,Y,N,N,N,N,Y,Y,Y,Y,Y
"SB 829 PN 1014, Concur in House Amendments",221,2023-08-30 15:55:00,X,Y,Y,Y,Y,Y,Y,Y,Y,Y,Y,Y,Y,Y,Y,Y,Y,Y,X,Y,Y,Y,Y,Y,Y,Y,Y,Y,Y,Y,Y,Y,X,Y,Y,Y,Y,Y,Y,Y,Y,Y,Y,Y,Y,Y,Y,Y,Y,Y
Executive Nominations (Attached),222,2023-08-30 16:02:00,X,Y,Y,Y,Y,Y,Y,Y,Y,Y,Y,Y,Y,Y,Y,Y,Y,Y,X,Y,Y,Y,Y,Y,Y,Y,Y,Y,Y,Y,Y,Y,X,Y,Y,Y,Y,Y,Y,Y,Y,Y,Y,Y,Y,Y,Y,Y,Y,Y
"Approval of the Previous Days Journals June 5, 2023",223,2023-09-18 13:22:00,Y,Y,Y,Y,Y,Y,X,Y,Y,Y,X,Y,Y,Y,Y,Y,Y,X,Y,Y,Y,X,Y,Y,Y,Y,Y,Y,Y,Y,Y,Y,Y,Y,Y,Y,Y,Y,Y,Y,Y,Y,Y,Y,Y,Y,Y,Y,Y,Y
"SB 531 PN 508, 2023 A1379, BAKER Amendment No. A-1379",224,2023-09-18 16:15:00,N,N,Y,X,Y,Y,X,Y,N,Y,X,N,Y,N,Y,Y,N,X,Y,Y,Y,X,Y,Y,Y,N,Y,Y,Y,Y,Y,Y,Y,Y,Y,Y,Y,N,Y,Y,Y,N,Y,N,Y,Y,Y,Y,Y,Y
"SB 373 PN 316, Final Passage",225,2023-09-18 16:20:00,Y,Y,Y,X,Y,Y,X,Y,Y,Y,X,Y,Y,Y,Y,Y,Y,X,Y,Y,Y,X,Y,Y,Y,Y,Y,Y,Y,Y,Y,Y,Y,Y,Y,Y,Y,Y,Y,Y,Y,Y,Y,Y,Y,Y,Y,Y,Y,Y
"SB 382 PN 992, Final Passage",226,2023-09-18 16:24:00,Y,Y,Y,X,Y,Y,X,N,Y,Y,X,Y,Y,Y,Y,Y,Y,X,Y,Y,Y,X,Y,Y,Y,Y,Y,Y,Y,Y,Y,Y,Y,Y,Y,Y,Y,Y,Y,Y,Y,Y,Y,Y,Y,Y,Y,Y,Y,Y
"SB 712 PN 930, Final Passage",227,2023-09-18 16:25:00,Y,Y,Y,X,Y,Y,X,Y,Y,Y,X,Y,Y,Y,Y,Y,Y,X,Y,Y,Y,X,Y,Y,Y,Y,Y,Y,Y,Y,Y,Y,Y,Y,Y,Y,Y,Y,Y,Y,Y,Y,Y,Y,Y,Y,Y,Y,Y,Y
"Approval of the Previous Days Journals June 6, 2023",228,2023-09-19 13:20:00,Y,Y,Y,Y,Y,Y,X,Y,Y,Y,Y,Y,Y,Y,Y,Y,Y,X,Y,Y,Y,Y,Y,Y,Y,Y,Y,Y,Y,Y,Y,Y,Y,Y,Y,Y,Y,Y,Y,Y,Y,Y,Y,X,Y,Y,Y,Y,Y,Y
"SB 773 PN 860, 2023 A2014, GEBHARD Amendment No. A-2014",229,2023-09-19 16:28:00,Y,Y,Y,X,Y,Y,X,Y,Y,Y,Y,Y,Y,Y,Y,Y,Y,X,Y,Y,Y,Y,Y,Y,Y,Y,Y,Y,Y,Y,Y,Y,Y,Y,Y,Y,Y,Y,Y,Y,Y,Y,Y,X,Y,Y,Y,Y,Y,Y
"SB 843 PN 963, Final Passage",230,2023-09-19 16:30:00,Y,Y,Y,X,Y,Y,X,Y,Y,Y,Y,Y,Y,Y,Y,Y,Y,X,Y,Y,Y,Y,Y,Y,Y,Y,Y,Y,Y,Y,Y,Y,Y,Y,Y,Y,Y,Y,Y,Y,Y,Y,Y,X,Y,Y,Y,Y,Y,Y
"HB 1209 PN 1279, Final Passage",231,2023-09-19 16:31:00,Y,Y,Y,X,Y,Y,X,Y,Y,Y,Y,Y,Y,Y,Y,Y,Y,X,Y,Y,Y,Y,Y,Y,Y,Y,Y,Y,Y,Y,Y,Y,Y,Y,Y,Y,Y,Y,Y,Y,Y,Y,Y,X,Y,Y,Y,Y,Y,Y
"HB 1407 PN 1572, Final Passage",232,2023-09-19 16:32:00,Y,Y,Y,X,Y,Y,X,Y,Y,Y,Y,Y,Y,Y,Y,Y,Y,X,Y,Y,Y,Y,Y,Y,Y,Y,Y,Y,Y,Y,Y,Y,Y,Y,Y,Y,Y,Y,Y,Y,Y,Y,Y,X,Y,Y,Y,Y,Y,Y
"HB 27 PN 1987, 2023 A2052, REGAN Amendment No. A-2052",233,2023-09-19 16:35:00,Y,Y,Y,X,Y,Y,X,Y,Y,Y,Y,Y,Y,Y,Y,Y,Y,X,Y,Y,Y,Y,Y,Y,Y,Y,Y,Y,Y,Y,Y,Y,Y,Y,Y,Y,Y,Y,Y,Y,Y,Y,Y,X,Y,Y,Y,Y,Y,Y
"HB 27 PN 1987, 2023 A2046, COSTA Amendment No. A-2046",234,2023-09-19 16:38:00,Y,Y,Y,X,Y,Y,X,Y,Y,Y,Y,Y,Y,Y,Y,N,Y,X,Y,Y,Y,Y,Y,Y,Y,Y,Y,Y,Y,Y,Y,Y,Y,Y,Y,Y,Y,Y,Y,Y,Y,Y,Y,X,Y,Y,Y,Y,Y,Y
"SB 654 PN 698, Final Passage",235,2023-09-19 16:42:00,N,Y,Y,X,Y,Y,X,Y,Y,Y,Y,Y,Y,Y,Y,Y,Y,X,N,Y,Y,Y,Y,Y,Y,Y,Y,Y,Y,Y,Y,Y,Y,Y,Y,Y,Y,Y,Y,Y,Y,Y,Y,X,Y,Y,Y,Y,Y,Y
"SB 815 PN 917, Final Passage",236,2023-09-19 16:45:00,Y,Y,Y,X,Y,Y,X,Y,Y,Y,Y,Y,Y,Y,Y,Y,Y,X,Y,Y,Y,Y,Y,Y,Y,Y,Y,Y,Y,Y,Y,Y,Y,Y,Y,Y,Y,Y,Y,Y,Y,Y,Y,X,Y,Y,Y,Y,Y,Y
"Approval of the Previous Days Journals June 7, 2023",237,2023-09-20 11:18:00,Y,Y,Y,Y,Y,Y,X,Y,Y,Y,Y,Y,Y,Y,Y,Y,Y,X,Y,Y,Y,Y,Y,Y,Y,Y,Y,Y,Y,Y,Y,Y,Y,Y,Y,Y,Y,Y,Y,Y,Y,Y,Y,X,Y,Y,Y,Y,Y,Y
"SB 224 PN 1097, Final Passage",238,2023-09-20 11:41:00,Y,Y,Y,Y,Y,Y,X,Y,Y,Y,Y,Y,Y,Y,Y,N,Y,X,Y,Y,N,Y,Y,Y,Y,Y,Y,Y,Y,Y,Y,Y,Y,Y,Y,Y,Y,Y,Y,Y,Y,Y,Y,X,Y,Y,Y,Y,Y,Y
"SB 773 PN 1105, Final Passage",239,2023-09-20 11:55:00,Y,Y,Y,Y,Y,Y,X,Y,Y,Y,Y,Y,Y,Y,Y,Y,Y,X,Y,Y,Y,Y,Y,Y,N,Y,Y,Y,Y,Y,Y,Y,N,Y,Y,Y,Y,Y,Y,Y,Y,Y,Y,X,Y,N,Y,Y,Y,Y
"HB 797 PN 2002, Final Passage",240,2023-09-20 11:56:00,Y,Y,Y,Y,Y,Y,X,Y,Y,Y,Y,Y,Y,Y,Y,Y,Y,X,Y,Y,N,Y,Y,Y,Y,Y,Y,Y,Y,Y,Y,Y,N,Y,Y,Y,Y,Y,Y,Y,Y,Y,Y,X,Y,Y,Y,Y,Y,Y
"HB 1171 PN 1236, Final Passage",241,2023-09-20 11:57:00,Y,Y,Y,Y,Y,Y,X,Y,Y,Y,Y,Y,Y,Y,Y,Y,Y,X,Y,Y,Y,Y,Y,Y,Y,Y,Y,Y,Y,Y,Y,Y,Y,Y,Y,Y,Y,Y,Y,Y,Y,Y,Y,X,Y,Y,Y,Y,Y,Y
"HB 27 PN 2004, Final Passage",242,2023-09-20 12:26:00,Y,Y,Y,Y,Y,Y,X,Y,Y,Y,Y,Y,Y,Y,Y,Y,Y,X,Y,Y,Y,Y,Y,Y,Y,Y,Y,Y,Y,Y,Y,Y,Y,Y,Y,Y,Y,Y,Y,Y,Y,Y,Y,X,Y,Y,Y,Y,Y,Y
Executive Nominations (Attached),243,2023-09-20 12:29:00,Y,Y,Y,Y,Y,Y,X,Y,Y,Y,Y,Y,Y,Y,Y,Y,Y,X,Y,Y,Y,Y,Y,Y,Y,Y,Y,Y,Y,Y,Y,Y,Y,Y,Y,Y,Y,Y,Y,Y,Y,Y,Y,X,Y,Y,Y,Y,Y,Y
Weekly Recess,244,2023-10-02 13:39:00,,,,,,,,,,,,,,,,,,,,,,,,,,,,,,,,,,,,,,,,,,,,,,,,,,
"SB 235 PN 977, 2023 A2266, SANTARSIERO Amendment No. A-2266",245,2023-10-02 15:26:00,,,,,,,,,,,,,,,,,,,,,,,,,,,,,,,,,,,,,,,,,,,,,,,,,,
"SB 749 PN 798, Final Passage",246,2023-10-02 15:29:00,,,,,,,,,,,,,,,,,,,,,,,,,,,,,,,,,,,,,,,,,,,,,,,,,,
"SB 754 PN 799, Final Passage",247,2023-10-02 15:30:00,,,,,,,,,,,,,,,,,,,,,,,,,,,,,,,,,,,,,,,,,,,,,,,,,,
"SB 235 PN 1130, Motion to Suspend Senate Rule 12",248,2023-10-02 15:37:00,,,,,,,,,,,,,,,,,,,,,,,,,,,,,,,,,,,,,,,,,,,,,,,,,,
"SB 235 PN 1130, Final Passage",249,2023-10-02 15:56:00,,,,,,,,,,,,,,,,,,,,,,,,,,,,,,,,,,,,,,,,,,,,,,,,,,
"Approval of the Previous Days Journals June 19, 20, 21, 22, 2023",250,2023-10-03 13:16:00,,,,,,,,,,,,,,,,,,,,,,,,,,,,,,,,,,,,,,,,,,,,,,,,,,
"SB 69 PN 858, Final Passage",251,2023-10-03 15:46:00,,,,,,,,,,,,,,,,,,,,,,,,,,,,,,,,,,,,,,,,,,,,,,,,,,
"SB 531 PN 1098, Final Passage",252,2023-10-03 15:56:00,,,,,,,,,,,,,,,,,,,,,,,,,,,,,,,,,,,,,,,,,,,,,,,,,,
"SB 851 PN 960, Final Passage",253,2023-10-03 16:01:00,,,,,,,,,,,,,,,,,,,,,,,,,,,,,,,,,,,,,,,,,,,,,,,,,,
SR 134 PN 901,254,2023-10-03 16:14:00,,,,,,,,,,,,,,,,,,,,,,,,,,,,,,,,,,,,,,,,,,,,,,,,,,
"Approval of the Previous Days Journals June 26, 2023",255,2023-10-04 11:32:00,,,,,,,,,,,,,,,,,,,,,,,,,,,,,,,,,,,,,,,,,,,,,,,,,,
"SB 621 PN 1149, Concur in House Amendments as Amended",256,2023-10-04 12:13:00,,,,,,,,,,,,,,,,,,,,,,,,,,,,,,,,,,,,,,,,,,,,,,,,,,
"SB 473 PN 1152, Final Passage",257,2023-10-04 12:16:00,,,,,,,,,,,,,,,,,,,,,,,,,,,,,,,,,,,,,,,,,,,,,,,,,,
"SB 799 PN 1150, Final Passage",258,2023-10-04 12:17:00,,,,,,,,,,,,,,,,,,,,,,,,,,,,,,,,,,,,,,,,,,,,,,,,,,
"HB 804 PN 1305, Final Passage",259,2023-10-04 12:18:00,,,,,,,,,,,,,,,,,,,,,,,,,,,,,,,,,,,,,,,,,,,,,,,,,,
"SB 824 PN 1151, Final Passage",260,2023-10-04 12:22:00,,,,,,,,,,,,,,,,,,,,,,,,,,,,,,,,,,,,,,,,,,,,,,,,,,
Weekly Recess,261,2023-10-16 13:14:00,,,,,,,,,,,,,,,,,,,,,,,,,,,,,,,,,,,,,,,,,,,,,,,,,,
"SB 423 PN 410, Final Passage",262,2023-10-16 16:07:00,,,,,,,,,,,,,,,,,,,,,,,,,,,,,,,,,,,,,,,,,,,,,,,,,,
"Approval of the Previous Days Journals June 27, 2023",263,2023-10-17 13:21:00,,,,,,,,,,,,,,,,,,,,,,,,,,,,,,,,,,,,,,,,,,,,,,,,,,
"SR 191, Resolution",264,2023-10-17 14:43:00,,,,,,,,,,,,,,,,,,,,,,,,,,,,,,,,,,,,,,,,,,,,,,,,,,
"SR 185, Resolution",265,2023-10-17 14:56:00,,,,,,,,,,,,,,,,,,,,,,,,,,,,,,,,,,,,,,,,,,,,,,,,,,
"SB 897 PN 1095, Final Passage",266,2023-10-17 16:10:00,,,,,,,,,,,,,,,,,,,,,,,,,,,,,,,,,,,,,,,,,,,,,,,,,,
"SB 941 PN 1148, Final Passage",267,2023-10-17 16:18:00,,,,,,,,,,,,,,,,,,,,,,,,,,,,,,,,,,,,,,,,,,,,,,,,,,
"HB 1351 PN 2159, Final Passage",268,2023-10-17 16:32:00,,,,,,,,,,,,,,,,,,,,,,,,,,,,,,,,,,,,,,,,,,,,,,,,,,
"Approval of the Previous Days Journals June 28, 2023",269,2023-10-18 11:21:00,,,,,,,,,,,,,,,,,,,,,,,,,,,,,,,,,,,,,,,,,,,,,,,,,,
"HB 404 PN 1301, Final Passage",270,2023-10-18 11:31:00,,,,,,,,,,,,,,,,,,,,,,,,,,,,,,,,,,,,,,,,,,,,,,,,,,
"SB 933 PN 1109, Final Passage",271,2023-10-18 11:34:00,,,,,,,,,,,,,,,,,,,,,,,,,,,,,,,,,,,,,,,,,,,,,,,,,,
"SB 934 PN 1079, Final Passage",272,2023-10-18 11:37:00,,,,,,,,,,,,,,,,,,,,,,,,,,,,,,,,,,,,,,,,,,,,,,,,,,
Executive Nominations (Attached),273,2023-10-18 11:43:00,,,,,,,,,,,,,,,,,,,,,,,,,,,,,,,,,,,,,,,,,,,,,,,,,,
"Executive Nomination  Judge, Court of Common Pleas, Philadelphia Damaris L. Garcia",274,2023-10-18 11:44:00,,,,,,,,,,,,,,,,,,,,,,,,,,,,,,,,,,,,,,,,,,,,,,,,,,
"Approval of the Previous Days Journals June 29, 2023",275,2023-10-23 13:23:00,,,,,,,,,,,,,,,,,,,,,,,,,,,,,,,,,,,,,,,,,,,,,,,,,,
"SB 282 PN 304, Final Passage",276,2023-10-23 15:53:00,,,,,,,,,,,,,,,,,,,,,,,,,,,,,,,,,,,,,,,,,,,,,,,,,,
HR 197 PN 1966,277,2023-10-23 15:59:00,,,,,,,,,,,,,,,,,,,,,,,,,,,,,,,,,,,,,,,,,,,,,,,,,,
"SB 694 PN 1114, Concur in House Amendments",278,2023-10-23 16:01:00,,,,,,,,,,,,,,,,,,,,,,,,,,,,,,,,,,,,,,,,,,,,,,,,,,
"SB 851 PN 1158, Concur in House Amendments",279,2023-10-23 16:02:00,,,,,,,,,,,,,,,,,,,,,,,,,,,,,,,,,,,,,,,,,,,,,,,,,,
"HB 156 PN 1029, Final Passage",280,2023-10-23 16:03:00,,,,,,,,,,,,,,,,,,,,,,,,,,,,,,,,,,,,,,,,,,,,,,,,,,
"HB 157 PN 1030, Final Passage",281,2023-10-23 16:04:00,,,,,,,,,,,,,,,,,,,,,,,,,,,,,,,,,,,,,,,,,,,,,,,,,,
"Approval of the Previous Days Journals June 30, 2023",282,2023-10-24 13:20:00,,,,,,,,,,,,,,,,,,,,,,,,,,,,,,,,,,,,,,,,,,,,,,,,,,
"SB 353 PN 283, Final Passage",283,2023-10-24 15:50:00,,,,,,,,,,,,,,,,,,,,,,,,,,,,,,,,,,,,,,,,,,,,,,,,,,
"SB 456 PN 436, Final Passage",284,2023-10-24 15:57:00,,,,,,,,,,,,,,,,,,,,,,,,,,,,,,,,,,,,,,,,,,,,,,,,,,
"HB 735 PN 1739, 2023 A2638, PITTMAN Amendment No. A-2638",285,2023-10-24 15:58:00,,,,,,,,,,,,,,,,,,,,,,,,,,,,,,,,,,,,,,,,,,,,,,,,,,
"SB 340 PN 1101, Final Passage",286,2023-10-24 16:21:00,,,,,,,,,,,,,,,,,,,,,,,,,,,,,,,,,,,,,,,,,,,,,,,,,,
"SB 7 PN 1174, 2023 A-2667, Motion to Table CAPPELLETTI Amendment No. A-2667",287,2023-10-24 16:29:00,,,,,,,,,,,,,,,,,,,,,,,,,,,,,,,,,,,,,,,,,,,,,,,,,,
"SB 7 PN 1174, 2023 A-2667, Final Passage",288,2023-10-24 17:48:00,,,,,,,,,,,,,,,,,,,,,,,,,,,,,,,,,,,,,,,,,,,,,,,,,,
"Approval of the Previous Days Journals August 3, 30, 2023",289,2023-10-25 11:19:00,,,,,,,,,,,,,,,,,,,,,,,,,,,,,,,,,,,,,,,,,,,,,,,,,,
"SB 842 PN 995, Final Passage",290,2023-10-25 12:29:00,,,,,,,,,,,,,,,,,,,,,,,,,,,,,,,,,,,,,,,,,,,,,,,,,,
"SB 959 PN 1168, Final Passage",291,2023-10-25 12:38:00,,,,,,,,,,,,,,,,,,,,,,,,,,,,,,,,,,,,,,,,,,,,,,,,,,
"HB 1094 PN 1306, Final Passage",292,2023-10-25 12:39:00,,,,,,,,,,,,,,,,,,,,,,,,,,,,,,,,,,,,,,,,,,,,,,,,,,
"HB 1170 PN 1235, Final Passage",293,2023-10-25 12:40:00,,,,,,,,,,,,,,,,,,,,,,,,,,,,,,,,,,,,,,,,,,,,,,,,,,
"SB 438 PN 1186, Final Passage",294,2023-10-25 12:56:00,,,,,,,,,,,,,,,,,,,,,,,,,,,,,,,,,,,,,,,,,,,,,,,,,,
"HB 735 PN 2210, Motion to Suspend Rule 12",295,2023-10-25 12:59:00,,,,,,,,,,,,,,,,,,,,,,,,,,,,,,,,,,,,,,,,,,,,,,,,,,
"HB 735 PN 2210, Final Passage",296,2023-10-25 13:09:00,,,,,,,,,,,,,,,,,,,,,,,,,,,,,,,,,,,,,,,,,,,,,,,,,,
Executive Nominations (Attached),297,2023-10-25 13:13:00,,,,,,,,,,,,,,,,,,,,,,,,,,,,,,,,,,,,,,,,,,,,,,,,,,
Executive Nominations  Secretary of Banking and Securities Wendy S. Spicher,298,2023-10-25 13:14:00,,,,,,,,,,,,,,,,,,,,,,,,,,,,,,,,,,,,,,,,,,,,,,,,,,
Weekly Recess,299,2023-11-13 13:22:00,,,,,,,,,,,,,,,,,,,,,,,,,,,,,,,,,,,,,,,,,,,,,,,,,,
"HB 295 PN 251, Final Passage",300,2023-11-13 16:03:00,,,,,,,,,,,,,,,,,,,,,,,,,,,,,,,,,,,,,,,,,,,,,,,,,,
"HB 623 PN 1132, Final Passage",301,2023-11-13 16:06:00,,,,,,,,,,,,,,,,,,,,,,,,,,,,,,,,,,,,,,,,,,,,,,,,,,
"SB 689 PN 713, Final Passage",302,2023-11-13 16:09:00,,,,,,,,,,,,,,,,,,,,,,,,,,,,,,,,,,,,,,,,,,,,,,,,,,
"SB 690 PN 714, Final Passage",303,2023-11-13 16:11:00,,,,,,,,,,,,,,,,,,,,,,,,,,,,,,,,,,,,,,,,,,,,,,,,,,
"SB 964 PN 1179, Final Passage",304,2023-11-13 16:12:00,,,,,,,,,,,,,,,,,,,,,,,,,,,,,,,,,,,,,,,,,,,,,,,,,,
"SB 690 PN 714, Final Passage-Reconsidered",305,2023-11-13 16:23:00,,,,,,,,,,,,,,,,,,,,,,,,,,,,,,,,,,,,,,,,,,,,,,,,,,
Executive Nominations (Attached),306,2023-11-13 16:26:00,,,,,,,,,,,,,,,,,,,,,,,,,,,,,,,,,,,,,,,,,,,,,,,,,,
"Approval of the Previous Days Journals September, 18, 2023",307,2023-11-14 13:15:00,,,,,,,,,,,,,,,,,,,,,,,,,,,,,,,,,,,,,,,,,,,,,,,,,,
"HB 507 PN 2289, Final Passage",308,2023-11-14 16:10:00,,,,,,,,,,,,,,,,,,,,,,,,,,,,,,,,,,,,,,,,,,,,,,,,,,
"SB 668 PN 1180, Final Passage",309,2023-11-14 16:15:00,,,,,,,,,,,,,,,,,,,,,,,,,,,,,,,,,,,,,,,,,,,,,,,,,,
"SB 700 PN 1183, Final Passage",310,2023-11-14 16:16:00,,,,,,,,,,,,,,,,,,,,,,,,,,,,,,,,,,,,,,,,,,,,,,,,,,
"SB 958 PN 1178, Final Passage",311,2023-11-14 16:18:00,,,,,,,,,,,,,,,,,,,,,,,,,,,,,,,,,,,,,,,,,,,,,,,,,,
"SB 500 PN 1175, Concur in House Amendments",312,2023-11-14 16:29:00,,,,,,,,,,,,,,,,,,,,,,,,,,,,,,,,,,,,,,,,,,,,,,,,,,
"SB 596 PN 1146, 2023 A2983, SANTARSIERO Amendment No. A-2983",313,2023-11-14 17:16:00,,,,,,,,,,,,,,,,,,,,,,,,,,,,,,,,,,,,,,,,,,,,,,,,,,
"SB 910 PN 1080, Final Passage",314,2023-11-14 17:19:00,,,,,,,,,,,,,,,,,,,,,,,,,,,,,,,,,,,,,,,,,,,,,,,,,,
"Approval of the Previous Days Journals September 19, 20, 2023",315,2023-11-15 10:36:00,,,,,,,,,,,,,,,,,,,,,,,,,,,,,,,,,,,,,,,,,,,,,,,,,,
"HB 1556 PN 1817, Final Passage",316,2023-11-15 10:38:00,,,,,,,,,,,,,,,,,,,,,,,,,,,,,,,,,,,,,,,,,,,,,,,,,,
"HB 301 PN 2311, Final Passage",317,2023-11-15 11:05:00,,,,,,,,,,,,,,,,,,,,,,,,,,,,,,,,,,,,,,,,,,,,,,,,,,
"SB 596 PN 1232, Final Passage",318,2023-11-15 11:09:00,,,,,,,,,,,,,,,,,,,,,,,,,,,,,,,,,,,,,,,,,,,,,,,,,,
"SB 945 PN 1111, Final Passage",319,2023-11-15 11:11:00,,,,,,,,,,,,,,,,,,,,,,,,,,,,,,,,,,,,,,,,,,,,,,,,,,
"SB 907 PN 1182, 2023 A2989, REGAN Amendment No. A-2989",320,2023-11-15 11:21:00,,,,,,,,,,,,,,,,,,,,,,,,,,,,,,,,,,,,,,,,,,,,,,,,,,
SR 178 PN 1227,321,2023-11-15 11:26:00,,,,,,,,,,,,,,,,,,,,,,,,,,,,,,,,,,,,,,,,,,,,,,,,,,
"HB 1461 PN 2288, Final Passage",322,2023-11-15 11:43:00,,,,,,,,,,,,,,,,,,,,,,,,,,,,,,,,,,,,,,,,,,,,,,,,,,
